{"type": "FeatureCollection", "features": [{"id": "103093133", "type": "Feature", "properties": {"street_count": 3}, "geometry": {"type": "Point", "coordinates": [-74.0836015, 40.9217406]}}, {"id": "103093134", "type": "Feature", "properties": {"street_count": 4}, "geometry": {"type": "Point", "coordinates": [-74.084315, 40.9221641]}}, {"id": "103093135", "type": "Feature", "properties": {"street_count": 3}, "geometry": {"type": "Point", "coordinates": [-74.0850311, 40.922608]}}, {"id": "103093470", "type": "Feature", "properties": {"street_count": 1}, "geometry": {"type": "Point", "coordinates": [-74.0844364, 40.9211922]}}, {"id": "103094805", "type": "Feature", "properties": {"street_count": 3}, "geometry": {"type": "Point", "coordinates": [-74.0646415, 40.9649396]}}, {"id": "103094819", "type": "Feature", "properties": {"street_count": 3}, "geometry": {"type": "Point", "coordinates": [-74.0674446, 40.9647777]}}, {"id": "103095578", "type": "Feature", "properties": {"street_count": 3}, "geometry": {"type": "Point", "coordinates": [-74.0680322, 40.9287476]}}, {"id": "103095826", "type": "Feature", "properties": {"street_count": 3}, "geometry": {"type": "Point", "coordinates": [-74.0864527, 40.9201172]}}, {"id": "103095834", "type": "Feature", "properties": {"street_count": 3}, "geometry": {"type": "Point", "coordinates": [-74.0857882, 40.9206311]}}, {"id": "103096177", "type": "Feature", "properties": {"street_count": 3}, "geometry": {"type": "Point", "coordinates": [-74.0783272, 40.9707112]}}, {"id": "103096184", "type": "Feature", "properties": {"street_count": 3}, "geometry": {"type": "Point", "coordinates": [-74.0789849, 40.9711386]}}, {"id": "103096457", "type": "Feature", "properties": {"street_count": 3}, "geometry": {"type": "Point", "coordinates": [-74.0719866, 40.9290528]}}, {"id": "103096466", "type": "Feature", "properties": {"street_count": 3}, "geometry": {"type": "Point", "coordinates": [-74.0719482, 40.9295096]}}, {"id": "103096469", "type": "Feature", "properties": {"street_count": 3}, "geometry": {"type": "Point", "coordinates": [-74.0719656, 40.9295855]}}, {"id": "103096476", "type": "Feature", "properties": {"street_count": 4}, "geometry": {"type": "Point", "coordinates": [-74.0716696, 40.9297278]}}, {"id": "103096539", "type": "Feature", "properties": {"street_count": 3}, "geometry": {"type": "Point", "coordinates": [-74.0687721, 40.9287585]}}, {"id": "103099172", "type": "Feature", "properties": {"street_count": 3}, "geometry": {"type": "Point", "coordinates": [-74.061925, 40.9186556]}}, {"id": "103099513", "type": "Feature", "properties": {"street_count": 3}, "geometry": {"type": "Point", "coordinates": [-74.0784608, 40.9690137]}}, {"id": "103100082", "type": "Feature", "properties": {"street_count": 3}, "geometry": {"type": "Point", "coordinates": [-74.0712798, 40.9137722]}}, {"id": "103100189", "type": "Feature", "properties": {"street_count": 3}, "geometry": {"type": "Point", "coordinates": [-74.0656635, 40.9641627]}}, {"id": "103100280", "type": "Feature", "properties": {"street_count": 3}, "geometry": {"type": "Point", "coordinates": [-74.0716742, 40.9292329]}}, {"id": "103100285", "type": "Feature", "properties": {"street_count": 3}, "geometry": {"type": "Point", "coordinates": [-74.0711, 40.9295734]}}, {"id": "103100381", "type": "Feature", "properties": {"street_count": 3}, "geometry": {"type": "Point", "coordinates": [-74.0718207, 40.9757701]}}, {"id": "103101847", "type": "Feature", "properties": {"street_count": 3}, "geometry": {"type": "Point", "coordinates": [-74.0892687, 40.9252001]}}, {"id": "103102517", "type": "Feature", "properties": {"street_count": 3}, "geometry": {"type": "Point", "coordinates": [-74.0716644, 40.9129331]}}, {"id": "103102621", "type": "Feature", "properties": {"street_count": 3}, "geometry": {"type": "Point", "coordinates": [-74.0653943, 40.960753]}}, {"id": "103103136", "type": "Feature", "properties": {"street_count": 3}, "geometry": {"type": "Point", "coordinates": [-74.0817082, 40.9693373]}}, {"id": "103103918", "type": "Feature", "properties": {"street_count": 3}, "geometry": {"type": "Point", "coordinates": [-74.0882777, 40.9238028]}}, {"id": "103104345", "type": "Feature", "properties": {"street_count": 3}, "geometry": {"type": "Point", "coordinates": [-74.0709371, 40.9145574]}}, {"id": "103104701", "type": "Feature", "properties": {"street_count": 4}, "geometry": {"type": "Point", "coordinates": [-74.0803392, 40.969128]}}, {"id": "103104778", "type": "Feature", "properties": {"street_count": 3}, "geometry": {"type": "Point", "coordinates": [-74.0898547, 40.9269714]}}, {"id": "103105707", "type": "Feature", "properties": {"street_count": 3}, "geometry": {"type": "Point", "coordinates": [-74.0715154, 40.9426584]}}, {"id": "103105942", "type": "Feature", "properties": {"street_count": 3}, "geometry": {"type": "Point", "coordinates": [-74.0696635, 40.9286235]}}, {"id": "103106012", "type": "Feature", "properties": {"street_count": 3}, "geometry": {"type": "Point", "coordinates": [-74.0745823, 40.9492527]}}, {"id": "103106014", "type": "Feature", "properties": {"street_count": 1}, "geometry": {"type": "Point", "coordinates": [-74.074039, 40.949274]}}, {"id": "103106020", "type": "Feature", "properties": {"street_count": 3}, "geometry": {"type": "Point", "coordinates": [-74.089355, 40.9574964]}}, {"id": "103106060", "type": "Feature", "properties": {"street_count": 3}, "geometry": {"type": "Point", "coordinates": [-74.0678566, 40.975003]}}, {"id": "103106134", "type": "Feature", "properties": {"street_count": 3}, "geometry": {"type": "Point", "coordinates": [-74.0799205, 40.9691002]}}, {"id": "103106290", "type": "Feature", "properties": {"street_count": 4}, "geometry": {"type": "Point", "coordinates": [-74.0895455, 40.9262348]}}, {"id": "103106331", "type": "Feature", "properties": {"street_count": 4}, "geometry": {"type": "Point", "coordinates": [-74.0891889, 40.9247998]}}, {"id": "103107828", "type": "Feature", "properties": {"street_count": 3}, "geometry": {"type": "Point", "coordinates": [-74.061624, 40.9191017]}}, {"id": "103108220", "type": "Feature", "properties": {"street_count": 1}, "geometry": {"type": "Point", "coordinates": [-74.057269, 40.945025]}}, {"id": "103109617", "type": "Feature", "properties": {"street_count": 3}, "geometry": {"type": "Point", "coordinates": [-74.0724321, 40.9515102]}}, {"id": "103109629", "type": "Feature", "properties": {"street_count": 5}, "geometry": {"type": "Point", "coordinates": [-74.0702556, 40.9490665]}}, {"id": "103109659", "type": "Feature", "properties": {"street_count": 3}, "geometry": {"type": "Point", "coordinates": [-74.0795959, 40.9704292]}}, {"id": "103110314", "type": "Feature", "properties": {"street_count": 3}, "geometry": {"type": "Point", "coordinates": [-74.083663, 40.9729936]}}, {"id": "103110315", "type": "Feature", "properties": {"street_count": 3}, "geometry": {"type": "Point", "coordinates": [-74.084323, 40.973308]}}, {"id": "103110317", "type": "Feature", "properties": {"street_count": 3}, "geometry": {"type": "Point", "coordinates": [-74.084552, 40.973422]}}, {"id": "103110320", "type": "Feature", "properties": {"street_count": 3}, "geometry": {"type": "Point", "coordinates": [-74.085065, 40.973683]}}, {"id": "103110322", "type": "Feature", "properties": {"street_count": 3}, "geometry": {"type": "Point", "coordinates": [-74.085484, 40.973896]}}, {"id": "103110324", "type": "Feature", "properties": {"street_count": 3}, "geometry": {"type": "Point", "coordinates": [-74.085827, 40.974071]}}, {"id": "103110327", "type": "Feature", "properties": {"street_count": 3}, "geometry": {"type": "Point", "coordinates": [-74.086574, 40.974452]}}, {"id": "103110329", "type": "Feature", "properties": {"street_count": 3}, "geometry": {"type": "Point", "coordinates": [-74.087344, 40.974843]}}, {"id": "103110337", "type": "Feature", "properties": {"street_count": 3}, "geometry": {"type": "Point", "coordinates": [-74.0894151, 40.9756396]}}, {"id": "103111162", "type": "Feature", "properties": {"street_count": 3}, "geometry": {"type": "Point", "coordinates": [-74.0934708, 40.9476905]}}, {"id": "103111170", "type": "Feature", "properties": {"street_count": 3}, "geometry": {"type": "Point", "coordinates": [-74.0956005, 40.9479081]}}, {"id": "103111223", "type": "Feature", "properties": {"street_count": 3}, "geometry": {"type": "Point", "coordinates": [-74.0832778, 40.9322696]}}, {"id": "103111246", "type": "Feature", "properties": {"street_count": 3}, "geometry": {"type": "Point", "coordinates": [-74.085264, 40.962862]}}, {"id": "103111249", "type": "Feature", "properties": {"street_count": 3}, "geometry": {"type": "Point", "coordinates": [-74.085252, 40.964058]}}, {"id": "103111556", "type": "Feature", "properties": {"street_count": 3}, "geometry": {"type": "Point", "coordinates": [-74.047056, 40.942654]}}, {"id": "103111558", "type": "Feature", "properties": {"street_count": 3}, "geometry": {"type": "Point", "coordinates": [-74.04613, 40.942421]}}, {"id": "103112816", "type": "Feature", "properties": {"street_count": 1}, "geometry": {"type": "Point", "coordinates": [-74.075124, 40.9695319]}}, {"id": "103112822", "type": "Feature", "properties": {"street_count": 3}, "geometry": {"type": "Point", "coordinates": [-74.0749589, 40.9705336]}}, {"id": "103112861", "type": "Feature", "properties": {"street_count": 3}, "geometry": {"type": "Point", "coordinates": [-74.073524, 40.9727972]}}, {"id": "103112890", "type": "Feature", "properties": {"street_count": 3}, "geometry": {"type": "Point", "coordinates": [-74.0726741, 40.9728582]}}, {"id": "103112918", "type": "Feature", "properties": {"street_count": 1}, "geometry": {"type": "Point", "coordinates": [-74.0602248, 40.9292252]}}, {"id": "103112924", "type": "Feature", "properties": {"street_count": 3}, "geometry": {"type": "Point", "coordinates": [-74.060015, 40.92962]}}, {"id": "103112926", "type": "Feature", "properties": {"street_count": 3}, "geometry": {"type": "Point", "coordinates": [-74.05968, 40.930322]}}, {"id": "103113316", "type": "Feature", "properties": {"street_count": 3}, "geometry": {"type": "Point", "coordinates": [-74.0867715, 40.9375713]}}, {"id": "103113664", "type": "Feature", "properties": {"street_count": 3}, "geometry": {"type": "Point", "coordinates": [-74.064654, 40.938123]}}, {"id": "103113682", "type": "Feature", "properties": {"street_count": 3}, "geometry": {"type": "Point", "coordinates": [-74.063506, 40.93808]}}, {"id": "103113690", "type": "Feature", "properties": {"street_count": 3}, "geometry": {"type": "Point", "coordinates": [-74.062043, 40.937613]}}, {"id": "103114209", "type": "Feature", "properties": {"street_count": 3}, "geometry": {"type": "Point", "coordinates": [-74.051217, 40.941876]}}, {"id": "103114225", "type": "Feature", "properties": {"street_count": 1}, "geometry": {"type": "Point", "coordinates": [-74.049225, 40.941382]}}, {"id": "103115005", "type": "Feature", "properties": {"street_count": 3}, "geometry": {"type": "Point", "coordinates": [-74.070736, 40.915056]}}, {"id": "103115008", "type": "Feature", "properties": {"street_count": 3}, "geometry": {"type": "Point", "coordinates": [-74.068597, 40.91376]}}, {"id": "103115016", "type": "Feature", "properties": {"street_count": 3}, "geometry": {"type": "Point", "coordinates": [-74.067289, 40.913178]}}, {"id": "103115200", "type": "Feature", "properties": {"street_count": 3}, "geometry": {"type": "Point", "coordinates": [-74.084492, 40.965988]}}, {"id": "103115216", "type": "Feature", "properties": {"street_count": 3}, "geometry": {"type": "Point", "coordinates": [-74.083766, 40.9677286]}}, {"id": "103116220", "type": "Feature", "properties": {"street_count": 3}, "geometry": {"type": "Point", "coordinates": [-74.060368, 40.930514]}}, {"id": "103116222", "type": "Feature", "properties": {"street_count": 4}, "geometry": {"type": "Point", "coordinates": [-74.060017, 40.931266]}}, {"id": "103116226", "type": "Feature", "properties": {"street_count": 3}, "geometry": {"type": "Point", "coordinates": [-74.059485, 40.932219]}}, {"id": "103116240", "type": "Feature", "properties": {"street_count": 3}, "geometry": {"type": "Point", "coordinates": [-74.059394, 40.933145]}}, {"id": "103116241", "type": "Feature", "properties": {"street_count": 3}, "geometry": {"type": "Point", "coordinates": [-74.059411, 40.933499]}}, {"id": "103116249", "type": "Feature", "properties": {"street_count": 3}, "geometry": {"type": "Point", "coordinates": [-74.05925, 40.934056]}}, {"id": "103116254", "type": "Feature", "properties": {"street_count": 3}, "geometry": {"type": "Point", "coordinates": [-74.05884, 40.934557]}}, {"id": "103116255", "type": "Feature", "properties": {"street_count": 3}, "geometry": {"type": "Point", "coordinates": [-74.0584471, 40.9348518]}}, {"id": "103116260", "type": "Feature", "properties": {"street_count": 3}, "geometry": {"type": "Point", "coordinates": [-74.0581545, 40.9354197]}}, {"id": "103116298", "type": "Feature", "properties": {"street_count": 3}, "geometry": {"type": "Point", "coordinates": [-74.0889102, 40.9394022]}}, {"id": "103116300", "type": "Feature", "properties": {"street_count": 3}, "geometry": {"type": "Point", "coordinates": [-74.089251, 40.939033]}}, {"id": "103116319", "type": "Feature", "properties": {"street_count": 1}, "geometry": {"type": "Point", "coordinates": [-74.0895354, 40.9376643]}}, {"id": "103117603", "type": "Feature", "properties": {"street_count": 3}, "geometry": {"type": "Point", "coordinates": [-74.0566519, 40.9199889]}}, {"id": "103117612", "type": "Feature", "properties": {"street_count": 3}, "geometry": {"type": "Point", "coordinates": [-74.0549308, 40.9193028]}}, {"id": "103117620", "type": "Feature", "properties": {"street_count": 3}, "geometry": {"type": "Point", "coordinates": [-74.054752, 40.918089]}}, {"id": "103117844", "type": "Feature", "properties": {"street_count": 3}, "geometry": {"type": "Point", "coordinates": [-74.055427, 40.942905]}}, {"id": "103117853", "type": "Feature", "properties": {"street_count": 3}, "geometry": {"type": "Point", "coordinates": [-74.05234, 40.94201]}}, {"id": "103117858", "type": "Feature", "properties": {"street_count": 3}, "geometry": {"type": "Point", "coordinates": [-74.051216, 40.941983]}}, {"id": "103118062", "type": "Feature", "properties": {"street_count": 1}, "geometry": {"type": "Point", "coordinates": [-74.053557, 40.946815]}}, {"id": "103118064", "type": "Feature", "properties": {"street_count": 3}, "geometry": {"type": "Point", "coordinates": [-74.052912, 40.946639]}}, {"id": "103118070", "type": "Feature", "properties": {"street_count": 3}, "geometry": {"type": "Point", "coordinates": [-74.051188, 40.946374]}}, {"id": "103118314", "type": "Feature", "properties": {"street_count": 3}, "geometry": {"type": "Point", "coordinates": [-74.05485, 40.949839]}}, {"id": "103118317", "type": "Feature", "properties": {"street_count": 3}, "geometry": {"type": "Point", "coordinates": [-74.053732, 40.952209]}}, {"id": "103118539", "type": "Feature", "properties": {"street_count": 3}, "geometry": {"type": "Point", "coordinates": [-74.075233, 40.974521]}}, {"id": "103118549", "type": "Feature", "properties": {"street_count": 3}, "geometry": {"type": "Point", "coordinates": [-74.074678, 40.976287]}}, {"id": "103120209", "type": "Feature", "properties": {"street_count": 1}, "geometry": {"type": "Point", "coordinates": [-74.06364, 40.921226]}}, {"id": "103120213", "type": "Feature", "properties": {"street_count": 3}, "geometry": {"type": "Point", "coordinates": [-74.063167, 40.920951]}}, {"id": "103120227", "type": "Feature", "properties": {"street_count": 3}, "geometry": {"type": "Point", "coordinates": [-74.06238, 40.920213]}}, {"id": "103120229", "type": "Feature", "properties": {"street_count": 4}, "geometry": {"type": "Point", "coordinates": [-74.0612992, 40.9195921]}}, {"id": "103120643", "type": "Feature", "properties": {"street_count": 3}, "geometry": {"type": "Point", "coordinates": [-74.082126, 40.952159]}}, {"id": "103120653", "type": "Feature", "properties": {"street_count": 1}, "geometry": {"type": "Point", "coordinates": [-74.080783, 40.95382]}}, {"id": "103121294", "type": "Feature", "properties": {"street_count": 3}, "geometry": {"type": "Point", "coordinates": [-74.063607, 40.94913]}}, {"id": "103121295", "type": "Feature", "properties": {"street_count": 3}, "geometry": {"type": "Point", "coordinates": [-74.063018, 40.950385]}}, {"id": "103121303", "type": "Feature", "properties": {"street_count": 3}, "geometry": {"type": "Point", "coordinates": [-74.0631392, 40.9510416]}}, {"id": "103122873", "type": "Feature", "properties": {"street_count": 3}, "geometry": {"type": "Point", "coordinates": [-74.0852319, 40.9193152]}}, {"id": "103122883", "type": "Feature", "properties": {"street_count": 3}, "geometry": {"type": "Point", "coordinates": [-74.080925, 40.917735]}}, {"id": "103122902", "type": "Feature", "properties": {"street_count": 3}, "geometry": {"type": "Point", "coordinates": [-74.080652, 40.916819]}}, {"id": "103123570", "type": "Feature", "properties": {"street_count": 3}, "geometry": {"type": "Point", "coordinates": [-74.062278, 40.942235]}}, {"id": "103123576", "type": "Feature", "properties": {"street_count": 3}, "geometry": {"type": "Point", "coordinates": [-74.061825, 40.943763]}}, {"id": "103123577", "type": "Feature", "properties": {"street_count": 3}, "geometry": {"type": "Point", "coordinates": [-74.061456, 40.944572]}}, {"id": "103123859", "type": "Feature", "properties": {"street_count": 3}, "geometry": {"type": "Point", "coordinates": [-74.0543652, 40.9532857]}}, {"id": "103123867", "type": "Feature", "properties": {"street_count": 3}, "geometry": {"type": "Point", "coordinates": [-74.0541877, 40.9539081]}}, {"id": "103123870", "type": "Feature", "properties": {"street_count": 1}, "geometry": {"type": "Point", "coordinates": [-74.0540452, 40.9541834]}}, {"id": "103124954", "type": "Feature", "properties": {"street_count": 3}, "geometry": {"type": "Point", "coordinates": [-74.077729, 40.972316]}}, {"id": "103124957", "type": "Feature", "properties": {"street_count": 3}, "geometry": {"type": "Point", "coordinates": [-74.077117, 40.972128]}}, {"id": "103124958", "type": "Feature", "properties": {"street_count": 3}, "geometry": {"type": "Point", "coordinates": [-74.0760874, 40.9718461]}}, {"id": "103124970", "type": "Feature", "properties": {"street_count": 3}, "geometry": {"type": "Point", "coordinates": [-74.075449, 40.971383]}}, {"id": "103125814", "type": "Feature", "properties": {"street_count": 1}, "geometry": {"type": "Point", "coordinates": [-74.0557908, 40.9543459]}}, {"id": "103125875", "type": "Feature", "properties": {"street_count": 3}, "geometry": {"type": "Point", "coordinates": [-74.0651376, 40.9413931]}}, {"id": "103125879", "type": "Feature", "properties": {"street_count": 2}, "geometry": {"type": "Point", "coordinates": [-74.064101, 40.94389]}}, {"id": "103127274", "type": "Feature", "properties": {"street_count": 3}, "geometry": {"type": "Point", "coordinates": [-74.058734, 40.920147]}}, {"id": "103127277", "type": "Feature", "properties": {"street_count": 1}, "geometry": {"type": "Point", "coordinates": [-74.05899, 40.91978]}}, {"id": "103127309", "type": "Feature", "properties": {"street_count": 3}, "geometry": {"type": "Point", "coordinates": [-74.082903, 40.963951]}}, {"id": "103127320", "type": "Feature", "properties": {"street_count": 3}, "geometry": {"type": "Point", "coordinates": [-74.086484, 40.9641]}}, {"id": "103127325", "type": "Feature", "properties": {"street_count": 3}, "geometry": {"type": "Point", "coordinates": [-74.087883, 40.964545]}}, {"id": "103127327", "type": "Feature", "properties": {"street_count": 3}, "geometry": {"type": "Point", "coordinates": [-74.088985, 40.964865]}}, {"id": "103127329", "type": "Feature", "properties": {"street_count": 3}, "geometry": {"type": "Point", "coordinates": [-74.089853, 40.965117]}}, {"id": "103127345", "type": "Feature", "properties": {"street_count": 3}, "geometry": {"type": "Point", "coordinates": [-74.0909295, 40.9662864]}}, {"id": "103128587", "type": "Feature", "properties": {"street_count": 3}, "geometry": {"type": "Point", "coordinates": [-74.06582, 40.923922]}}, {"id": "103128625", "type": "Feature", "properties": {"street_count": 3}, "geometry": {"type": "Point", "coordinates": [-74.064125, 40.924509]}}, {"id": "103128673", "type": "Feature", "properties": {"street_count": 3}, "geometry": {"type": "Point", "coordinates": [-74.0634834, 40.9254396]}}, {"id": "103129707", "type": "Feature", "properties": {"street_count": 3}, "geometry": {"type": "Point", "coordinates": [-74.0717722, 40.9454995]}}, {"id": "103130721", "type": "Feature", "properties": {"street_count": 1}, "geometry": {"type": "Point", "coordinates": [-74.053279, 40.943235]}}, {"id": "103130736", "type": "Feature", "properties": {"street_count": 3}, "geometry": {"type": "Point", "coordinates": [-74.051208, 40.942775]}}, {"id": "103132243", "type": "Feature", "properties": {"street_count": 1}, "geometry": {"type": "Point", "coordinates": [-74.082066, 40.931709]}}, {"id": "103132273", "type": "Feature", "properties": {"street_count": 3}, "geometry": {"type": "Point", "coordinates": [-74.084616, 40.933392]}}, {"id": "103132278", "type": "Feature", "properties": {"street_count": 3}, "geometry": {"type": "Point", "coordinates": [-74.0864601, 40.9343505]}}, {"id": "103132296", "type": "Feature", "properties": {"street_count": 3}, "geometry": {"type": "Point", "coordinates": [-74.0880431, 40.9350445]}}, {"id": "103132339", "type": "Feature", "properties": {"street_count": 3}, "geometry": {"type": "Point", "coordinates": [-74.091904, 40.936602]}}, {"id": "103132605", "type": "Feature", "properties": {"street_count": 3}, "geometry": {"type": "Point", "coordinates": [-74.0725599, 40.9110528]}}, {"id": "103132947", "type": "Feature", "properties": {"street_count": 3}, "geometry": {"type": "Point", "coordinates": [-74.0812878, 40.9789543]}}, {"id": "103134418", "type": "Feature", "properties": {"street_count": 3}, "geometry": {"type": "Point", "coordinates": [-74.0847009, 40.9701183]}}, {"id": "103134758", "type": "Feature", "properties": {"street_count": 3}, "geometry": {"type": "Point", "coordinates": [-74.089301, 40.967717]}}, {"id": "103134766", "type": "Feature", "properties": {"street_count": 3}, "geometry": {"type": "Point", "coordinates": [-74.088959, 40.968823]}}, {"id": "103134767", "type": "Feature", "properties": {"street_count": 1}, "geometry": {"type": "Point", "coordinates": [-74.088872, 40.969208]}}, {"id": "103135712", "type": "Feature", "properties": {"street_count": 1}, "geometry": {"type": "Point", "coordinates": [-74.064248, 40.946896]}}, {"id": "103135714", "type": "Feature", "properties": {"street_count": 3}, "geometry": {"type": "Point", "coordinates": [-74.063211, 40.946611]}}, {"id": "103136157", "type": "Feature", "properties": {"street_count": 3}, "geometry": {"type": "Point", "coordinates": [-74.0793847, 40.9699113]}}, {"id": "103137985", "type": "Feature", "properties": {"street_count": 1}, "geometry": {"type": "Point", "coordinates": [-74.0899086, 40.9335856]}}, {"id": "103137996", "type": "Feature", "properties": {"street_count": 3}, "geometry": {"type": "Point", "coordinates": [-74.0889807, 40.9327837]}}, {"id": "103137997", "type": "Feature", "properties": {"street_count": 3}, "geometry": {"type": "Point", "coordinates": [-74.0884291, 40.9325079]}}, {"id": "103138006", "type": "Feature", "properties": {"street_count": 1}, "geometry": {"type": "Point", "coordinates": [-74.0883865, 40.931768]}}, {"id": "103138126", "type": "Feature", "properties": {"street_count": 4}, "geometry": {"type": "Point", "coordinates": [-74.0898018, 40.9744941]}}, {"id": "103138138", "type": "Feature", "properties": {"street_count": 1}, "geometry": {"type": "Point", "coordinates": [-74.0911178, 40.9750593]}}, {"id": "103138254", "type": "Feature", "properties": {"street_count": 1}, "geometry": {"type": "Point", "coordinates": [-74.0614461, 40.9220434]}}, {"id": "103140000", "type": "Feature", "properties": {"street_count": 3}, "geometry": {"type": "Point", "coordinates": [-74.060548, 40.920877]}}, {"id": "103140001", "type": "Feature", "properties": {"street_count": 3}, "geometry": {"type": "Point", "coordinates": [-74.059642, 40.920516]}}, {"id": "103140014", "type": "Feature", "properties": {"street_count": 3}, "geometry": {"type": "Point", "coordinates": [-74.0569778, 40.9192978]}}, {"id": "103140021", "type": "Feature", "properties": {"street_count": 3}, "geometry": {"type": "Point", "coordinates": [-74.0558312, 40.9186299]}}, {"id": "103140242", "type": "Feature", "properties": {"street_count": 4}, "geometry": {"type": "Point", "coordinates": [-74.0941574, 40.9527952]}}, {"id": "103141269", "type": "Feature", "properties": {"street_count": 3}, "geometry": {"type": "Point", "coordinates": [-74.0613717, 40.9422217]}}, {"id": "103141288", "type": "Feature", "properties": {"street_count": 3}, "geometry": {"type": "Point", "coordinates": [-74.061626, 40.942236]}}, {"id": "103141402", "type": "Feature", "properties": {"street_count": 3}, "geometry": {"type": "Point", "coordinates": [-74.0605603, 40.9377474]}}, {"id": "103141405", "type": "Feature", "properties": {"street_count": 3}, "geometry": {"type": "Point", "coordinates": [-74.0596213, 40.9375077]}}, {"id": "103141433", "type": "Feature", "properties": {"street_count": 3}, "geometry": {"type": "Point", "coordinates": [-74.0565107, 40.937021]}}, {"id": "103141558", "type": "Feature", "properties": {"street_count": 3}, "geometry": {"type": "Point", "coordinates": [-74.0715686, 40.9686759]}}, {"id": "103141560", "type": "Feature", "properties": {"street_count": 3}, "geometry": {"type": "Point", "coordinates": [-74.071377, 40.969344]}}, {"id": "103141563", "type": "Feature", "properties": {"street_count": 3}, "geometry": {"type": "Point", "coordinates": [-74.0709813, 40.970838]}}, {"id": "103141588", "type": "Feature", "properties": {"street_count": 3}, "geometry": {"type": "Point", "coordinates": [-74.069819, 40.971974]}}, {"id": "103141601", "type": "Feature", "properties": {"street_count": 3}, "geometry": {"type": "Point", "coordinates": [-74.067155, 40.969482]}}, {"id": "103143894", "type": "Feature", "properties": {"street_count": 3}, "geometry": {"type": "Point", "coordinates": [-74.065925, 40.945823]}}, {"id": "103143896", "type": "Feature", "properties": {"street_count": 3}, "geometry": {"type": "Point", "coordinates": [-74.0641455, 40.9453239]}}, {"id": "103143899", "type": "Feature", "properties": {"street_count": 3}, "geometry": {"type": "Point", "coordinates": [-74.062843, 40.944961]}}, {"id": "103143901", "type": "Feature", "properties": {"street_count": 3}, "geometry": {"type": "Point", "coordinates": [-74.059493, 40.944023]}}, {"id": "103144495", "type": "Feature", "properties": {"street_count": 3}, "geometry": {"type": "Point", "coordinates": [-74.0771682, 40.9740536]}}, {"id": "103144498", "type": "Feature", "properties": {"street_count": 3}, "geometry": {"type": "Point", "coordinates": [-74.0768678, 40.9748597]}}, {"id": "103144524", "type": "Feature", "properties": {"street_count": 4}, "geometry": {"type": "Point", "coordinates": [-74.0928806, 40.9621185]}}, {"id": "103144887", "type": "Feature", "properties": {"street_count": 3}, "geometry": {"type": "Point", "coordinates": [-74.053452, 40.9206516]}}, {"id": "103144899", "type": "Feature", "properties": {"street_count": 3}, "geometry": {"type": "Point", "coordinates": [-74.0550024, 40.9228456]}}, {"id": "103145380", "type": "Feature", "properties": {"street_count": 3}, "geometry": {"type": "Point", "coordinates": [-74.057054, 40.936814]}}, {"id": "103145386", "type": "Feature", "properties": {"street_count": 3}, "geometry": {"type": "Point", "coordinates": [-74.052945, 40.935543]}}, {"id": "103145799", "type": "Feature", "properties": {"street_count": 4}, "geometry": {"type": "Point", "coordinates": [-74.0887184, 40.9804325]}}, {"id": "103146085", "type": "Feature", "properties": {"street_count": 3}, "geometry": {"type": "Point", "coordinates": [-74.06256, 40.9322202]}}, {"id": "103146087", "type": "Feature", "properties": {"street_count": 3}, "geometry": {"type": "Point", "coordinates": [-74.064046, 40.932636]}}, {"id": "103146095", "type": "Feature", "properties": {"street_count": 3}, "geometry": {"type": "Point", "coordinates": [-74.056153, 40.9301513]}}, {"id": "103146104", "type": "Feature", "properties": {"street_count": 4}, "geometry": {"type": "Point", "coordinates": [-74.057981, 40.930719]}}, {"id": "103146405", "type": "Feature", "properties": {"street_count": 1}, "geometry": {"type": "Point", "coordinates": [-74.0698964, 40.9191908]}}, {"id": "103146408", "type": "Feature", "properties": {"street_count": 3}, "geometry": {"type": "Point", "coordinates": [-74.0691025, 40.9187287]}}, {"id": "103146831", "type": "Feature", "properties": {"street_count": 3}, "geometry": {"type": "Point", "coordinates": [-74.074315, 40.97426]}}, {"id": "103146833", "type": "Feature", "properties": {"street_count": 3}, "geometry": {"type": "Point", "coordinates": [-74.073725, 40.976028]}}, {"id": "103147761", "type": "Feature", "properties": {"street_count": 3}, "geometry": {"type": "Point", "coordinates": [-74.055499, 40.960669]}}, {"id": "103147781", "type": "Feature", "properties": {"street_count": 3}, "geometry": {"type": "Point", "coordinates": [-74.0568, 40.959816]}}, {"id": "103147793", "type": "Feature", "properties": {"street_count": 1}, "geometry": {"type": "Point", "coordinates": [-74.0581712, 40.9603531]}}, {"id": "103149626", "type": "Feature", "properties": {"street_count": 3}, "geometry": {"type": "Point", "coordinates": [-74.0841896, 40.936679]}}, {"id": "103149628", "type": "Feature", "properties": {"street_count": 3}, "geometry": {"type": "Point", "coordinates": [-74.0856076, 40.9352954]}}, {"id": "103149868", "type": "Feature", "properties": {"street_count": 3}, "geometry": {"type": "Point", "coordinates": [-74.0540323, 40.9312767]}}, {"id": "103149870", "type": "Feature", "properties": {"street_count": 1}, "geometry": {"type": "Point", "coordinates": [-74.0536085, 40.9311699]}}, {"id": "103150833", "type": "Feature", "properties": {"street_count": 3}, "geometry": {"type": "Point", "coordinates": [-74.0837998, 40.9751247]}}, {"id": "103150845", "type": "Feature", "properties": {"street_count": 3}, "geometry": {"type": "Point", "coordinates": [-74.08623, 40.97682]}}, {"id": "103151004", "type": "Feature", "properties": {"street_count": 4}, "geometry": {"type": "Point", "coordinates": [-74.0810691, 40.9164944]}}, {"id": "103151236", "type": "Feature", "properties": {"street_count": 3}, "geometry": {"type": "Point", "coordinates": [-74.088596, 40.971366]}}, {"id": "103151238", "type": "Feature", "properties": {"street_count": 4}, "geometry": {"type": "Point", "coordinates": [-74.088035, 40.972222]}}, {"id": "103151240", "type": "Feature", "properties": {"street_count": 4}, "geometry": {"type": "Point", "coordinates": [-74.087193, 40.9735089]}}, {"id": "103151292", "type": "Feature", "properties": {"street_count": 3}, "geometry": {"type": "Point", "coordinates": [-74.052344, 40.938835]}}, {"id": "103151293", "type": "Feature", "properties": {"street_count": 3}, "geometry": {"type": "Point", "coordinates": [-74.051236, 40.93883]}}, {"id": "103153123", "type": "Feature", "properties": {"street_count": 3}, "geometry": {"type": "Point", "coordinates": [-74.058102, 40.936482]}}, {"id": "103153132", "type": "Feature", "properties": {"street_count": 3}, "geometry": {"type": "Point", "coordinates": [-74.0536966, 40.9348954]}}, {"id": "103153255", "type": "Feature", "properties": {"street_count": 1}, "geometry": {"type": "Point", "coordinates": [-74.084925, 40.971069]}}, {"id": "103153261", "type": "Feature", "properties": {"street_count": 4}, "geometry": {"type": "Point", "coordinates": [-74.085594, 40.971318]}}, {"id": "103153263", "type": "Feature", "properties": {"street_count": 4}, "geometry": {"type": "Point", "coordinates": [-74.086406, 40.971618]}}, {"id": "103153265", "type": "Feature", "properties": {"street_count": 4}, "geometry": {"type": "Point", "coordinates": [-74.087227, 40.971923]}}, {"id": "103153267", "type": "Feature", "properties": {"street_count": 4}, "geometry": {"type": "Point", "coordinates": [-74.0888601, 40.9725281]}}, {"id": "103153270", "type": "Feature", "properties": {"street_count": 3}, "geometry": {"type": "Point", "coordinates": [-74.0903026, 40.9730627]}}, {"id": "103153413", "type": "Feature", "properties": {"street_count": 3}, "geometry": {"type": "Point", "coordinates": [-74.04576, 40.936232]}}, {"id": "103153414", "type": "Feature", "properties": {"street_count": 3}, "geometry": {"type": "Point", "coordinates": [-74.047339, 40.936642]}}, {"id": "103153415", "type": "Feature", "properties": {"street_count": 3}, "geometry": {"type": "Point", "coordinates": [-74.049711, 40.937303]}}, {"id": "103153462", "type": "Feature", "properties": {"street_count": 3}, "geometry": {"type": "Point", "coordinates": [-74.0684171, 40.9372682]}}, {"id": "103153466", "type": "Feature", "properties": {"street_count": 3}, "geometry": {"type": "Point", "coordinates": [-74.066228, 40.941711]}}, {"id": "103153775", "type": "Feature", "properties": {"street_count": 3}, "geometry": {"type": "Point", "coordinates": [-74.0753499, 40.9735106]}}, {"id": "103154078", "type": "Feature", "properties": {"street_count": 3}, "geometry": {"type": "Point", "coordinates": [-74.0715079, 40.9613502]}}, {"id": "103154174", "type": "Feature", "properties": {"street_count": 3}, "geometry": {"type": "Point", "coordinates": [-74.071291, 40.9490288]}}, {"id": "103154195", "type": "Feature", "properties": {"street_count": 3}, "geometry": {"type": "Point", "coordinates": [-74.0672761, 40.9483133]}}, {"id": "103154203", "type": "Feature", "properties": {"street_count": 3}, "geometry": {"type": "Point", "coordinates": [-74.064532, 40.948971]}}, {"id": "103154217", "type": "Feature", "properties": {"street_count": 3}, "geometry": {"type": "Point", "coordinates": [-74.062059, 40.948763]}}, {"id": "103154218", "type": "Feature", "properties": {"street_count": 3}, "geometry": {"type": "Point", "coordinates": [-74.061913, 40.948723]}}, {"id": "103154219", "type": "Feature", "properties": {"street_count": 3}, "geometry": {"type": "Point", "coordinates": [-74.061235, 40.948539]}}, {"id": "103154221", "type": "Feature", "properties": {"street_count": 3}, "geometry": {"type": "Point", "coordinates": [-74.060886, 40.948444]}}, {"id": "103154223", "type": "Feature", "properties": {"street_count": 3}, "geometry": {"type": "Point", "coordinates": [-74.059221, 40.947991]}}, {"id": "103154738", "type": "Feature", "properties": {"street_count": 3}, "geometry": {"type": "Point", "coordinates": [-74.060954, 40.970345]}}, {"id": "103154747", "type": "Feature", "properties": {"street_count": 3}, "geometry": {"type": "Point", "coordinates": [-74.062714, 40.971839]}}, {"id": "103154749", "type": "Feature", "properties": {"street_count": 1}, "geometry": {"type": "Point", "coordinates": [-74.0633337, 40.9722358]}}, {"id": "103154867", "type": "Feature", "properties": {"street_count": 1}, "geometry": {"type": "Point", "coordinates": [-74.0505205, 40.9166788]}}, {"id": "103155135", "type": "Feature", "properties": {"street_count": 3}, "geometry": {"type": "Point", "coordinates": [-74.045025, 40.94463]}}, {"id": "103155512", "type": "Feature", "properties": {"street_count": 3}, "geometry": {"type": "Point", "coordinates": [-74.058065, 40.939108]}}, {"id": "103155517", "type": "Feature", "properties": {"street_count": 3}, "geometry": {"type": "Point", "coordinates": [-74.055074, 40.938369]}}, {"id": "103155526", "type": "Feature", "properties": {"street_count": 3}, "geometry": {"type": "Point", "coordinates": [-74.054826, 40.937844]}}, {"id": "103155539", "type": "Feature", "properties": {"street_count": 3}, "geometry": {"type": "Point", "coordinates": [-74.052625, 40.937179]}}, {"id": "103155543", "type": "Feature", "properties": {"street_count": 3}, "geometry": {"type": "Point", "coordinates": [-74.052363, 40.937242]}}, {"id": "103155548", "type": "Feature", "properties": {"street_count": 3}, "geometry": {"type": "Point", "coordinates": [-74.051242, 40.937251]}}, {"id": "103155639", "type": "Feature", "properties": {"street_count": 4}, "geometry": {"type": "Point", "coordinates": [-74.0631105, 40.9626414]}}, {"id": "103155651", "type": "Feature", "properties": {"street_count": 3}, "geometry": {"type": "Point", "coordinates": [-74.062772, 40.961312]}}, {"id": "103155653", "type": "Feature", "properties": {"street_count": 1}, "geometry": {"type": "Point", "coordinates": [-74.062396, 40.961218]}}, {"id": "103155777", "type": "Feature", "properties": {"street_count": 1}, "geometry": {"type": "Point", "coordinates": [-74.0580676, 40.9621054]}}, {"id": "103155779", "type": "Feature", "properties": {"street_count": 3}, "geometry": {"type": "Point", "coordinates": [-74.057631, 40.963327]}}, {"id": "103155785", "type": "Feature", "properties": {"street_count": 3}, "geometry": {"type": "Point", "coordinates": [-74.057659, 40.964036]}}, {"id": "103155787", "type": "Feature", "properties": {"street_count": 1}, "geometry": {"type": "Point", "coordinates": [-74.0576515, 40.9643595]}}, {"id": "103155976", "type": "Feature", "properties": {"street_count": 3}, "geometry": {"type": "Point", "coordinates": [-74.0704775, 40.9220582]}}, {"id": "103156288", "type": "Feature", "properties": {"street_count": 3}, "geometry": {"type": "Point", "coordinates": [-74.046799, 40.945649]}}, {"id": "103156359", "type": "Feature", "properties": {"street_count": 3}, "geometry": {"type": "Point", "coordinates": [-74.0738952, 40.9142092]}}, {"id": "103156360", "type": "Feature", "properties": {"street_count": 1}, "geometry": {"type": "Point", "coordinates": [-74.0743844, 40.9145011]}}, {"id": "103156904", "type": "Feature", "properties": {"street_count": 1}, "geometry": {"type": "Point", "coordinates": [-74.090474, 40.9590968]}}, {"id": "103157854", "type": "Feature", "properties": {"street_count": 3}, "geometry": {"type": "Point", "coordinates": [-74.0843612, 40.9524223]}}, {"id": "103157855", "type": "Feature", "properties": {"street_count": 1}, "geometry": {"type": "Point", "coordinates": [-74.084142, 40.9526437]}}, {"id": "103157990", "type": "Feature", "properties": {"street_count": 3}, "geometry": {"type": "Point", "coordinates": [-74.077326, 40.971302]}}, {"id": "103157992", "type": "Feature", "properties": {"street_count": 3}, "geometry": {"type": "Point", "coordinates": [-74.075848, 40.97085]}}, {"id": "103159071", "type": "Feature", "properties": {"street_count": 3}, "geometry": {"type": "Point", "coordinates": [-74.0478266, 40.9506899]}}, {"id": "103159074", "type": "Feature", "properties": {"street_count": 3}, "geometry": {"type": "Point", "coordinates": [-74.044896, 40.9500561]}}, {"id": "103161235", "type": "Feature", "properties": {"street_count": 1}, "geometry": {"type": "Point", "coordinates": [-74.0651908, 40.9370099]}}, {"id": "103161240", "type": "Feature", "properties": {"street_count": 3}, "geometry": {"type": "Point", "coordinates": [-74.0650132, 40.9373604]}}, {"id": "103161262", "type": "Feature", "properties": {"street_count": 3}, "geometry": {"type": "Point", "coordinates": [-74.063098, 40.941786]}}, {"id": "103161566", "type": "Feature", "properties": {"street_count": 3}, "geometry": {"type": "Point", "coordinates": [-74.0539952, 40.9343208]}}, {"id": "103161574", "type": "Feature", "properties": {"street_count": 3}, "geometry": {"type": "Point", "coordinates": [-74.0532221, 40.935301]}}, {"id": "103161579", "type": "Feature", "properties": {"street_count": 3}, "geometry": {"type": "Point", "coordinates": [-74.052621, 40.936203]}}, {"id": "103161699", "type": "Feature", "properties": {"street_count": 1}, "geometry": {"type": "Point", "coordinates": [-74.06153, 40.945463]}}, {"id": "103161768", "type": "Feature", "properties": {"street_count": 3}, "geometry": {"type": "Point", "coordinates": [-74.06336, 40.926448]}}, {"id": "103161770", "type": "Feature", "properties": {"street_count": 3}, "geometry": {"type": "Point", "coordinates": [-74.0637704, 40.9255247]}}, {"id": "103162024", "type": "Feature", "properties": {"street_count": 3}, "geometry": {"type": "Point", "coordinates": [-74.065127, 40.916858]}}, {"id": "103162031", "type": "Feature", "properties": {"street_count": 3}, "geometry": {"type": "Point", "coordinates": [-74.065948, 40.916172]}}, {"id": "103162042", "type": "Feature", "properties": {"street_count": 1}, "geometry": {"type": "Point", "coordinates": [-74.067115, 40.916746]}}, {"id": "103162669", "type": "Feature", "properties": {"street_count": 3}, "geometry": {"type": "Point", "coordinates": [-74.045357, 40.951399]}}, {"id": "103162672", "type": "Feature", "properties": {"street_count": 4}, "geometry": {"type": "Point", "coordinates": [-74.0444356, 40.9511902]}}, {"id": "103162674", "type": "Feature", "properties": {"street_count": 4}, "geometry": {"type": "Point", "coordinates": [-74.0435462, 40.9509789]}}, {"id": "103162995", "type": "Feature", "properties": {"street_count": 3}, "geometry": {"type": "Point", "coordinates": [-74.0621459, 40.9331008]}}, {"id": "103162997", "type": "Feature", "properties": {"street_count": 1}, "geometry": {"type": "Point", "coordinates": [-74.0602939, 40.9325987]}}, {"id": "103163189", "type": "Feature", "properties": {"street_count": 1}, "geometry": {"type": "Point", "coordinates": [-74.0643577, 40.9476105]}}, {"id": "103163193", "type": "Feature", "properties": {"street_count": 3}, "geometry": {"type": "Point", "coordinates": [-74.062817, 40.94732]}}, {"id": "103163458", "type": "Feature", "properties": {"street_count": 3}, "geometry": {"type": "Point", "coordinates": [-74.0543058, 40.9325244]}}, {"id": "103163461", "type": "Feature", "properties": {"street_count": 1}, "geometry": {"type": "Point", "coordinates": [-74.0535323, 40.9324226]}}, {"id": "103163689", "type": "Feature", "properties": {"street_count": 3}, "geometry": {"type": "Point", "coordinates": [-74.0744159, 40.9135183]}}, {"id": "103163694", "type": "Feature", "properties": {"street_count": 3}, "geometry": {"type": "Point", "coordinates": [-74.0749703, 40.912761]}}, {"id": "103165405", "type": "Feature", "properties": {"street_count": 3}, "geometry": {"type": "Point", "coordinates": [-74.051272, 40.961422]}}, {"id": "103165416", "type": "Feature", "properties": {"street_count": 3}, "geometry": {"type": "Point", "coordinates": [-74.051025, 40.962265]}}, {"id": "103165418", "type": "Feature", "properties": {"street_count": 3}, "geometry": {"type": "Point", "coordinates": [-74.050978, 40.962506]}}, {"id": "103165438", "type": "Feature", "properties": {"street_count": 3}, "geometry": {"type": "Point", "coordinates": [-74.051644, 40.96424]}}, {"id": "103165972", "type": "Feature", "properties": {"street_count": 3}, "geometry": {"type": "Point", "coordinates": [-74.0664338, 40.9262664]}}, {"id": "103165976", "type": "Feature", "properties": {"street_count": 1}, "geometry": {"type": "Point", "coordinates": [-74.0630724, 40.9253265]}}, {"id": "103166791", "type": "Feature", "properties": {"street_count": 3}, "geometry": {"type": "Point", "coordinates": [-74.047825, 40.968123]}}, {"id": "103167074", "type": "Feature", "properties": {"street_count": 4}, "geometry": {"type": "Point", "coordinates": [-74.074727, 40.9680533]}}, {"id": "103167077", "type": "Feature", "properties": {"street_count": 3}, "geometry": {"type": "Point", "coordinates": [-74.074044, 40.9686499]}}, {"id": "103167087", "type": "Feature", "properties": {"street_count": 3}, "geometry": {"type": "Point", "coordinates": [-74.0738877, 40.9687936]}}, {"id": "103167094", "type": "Feature", "properties": {"street_count": 3}, "geometry": {"type": "Point", "coordinates": [-74.0734775, 40.9699213]}}, {"id": "103167099", "type": "Feature", "properties": {"street_count": 3}, "geometry": {"type": "Point", "coordinates": [-74.0731402, 40.9711826]}}, {"id": "103167101", "type": "Feature", "properties": {"street_count": 3}, "geometry": {"type": "Point", "coordinates": [-74.0729264, 40.9720357]}}, {"id": "103167103", "type": "Feature", "properties": {"street_count": 3}, "geometry": {"type": "Point", "coordinates": [-74.0724012, 40.9737725]}}, {"id": "103167105", "type": "Feature", "properties": {"street_count": 3}, "geometry": {"type": "Point", "coordinates": [-74.0723529, 40.973931]}}, {"id": "103167886", "type": "Feature", "properties": {"street_count": 3}, "geometry": {"type": "Point", "coordinates": [-74.086747, 40.976274]}}, {"id": "103167976", "type": "Feature", "properties": {"street_count": 3}, "geometry": {"type": "Point", "coordinates": [-74.0806967, 40.9550949]}}, {"id": "103167982", "type": "Feature", "properties": {"street_count": 1}, "geometry": {"type": "Point", "coordinates": [-74.0788374, 40.9574338]}}, {"id": "103169237", "type": "Feature", "properties": {"street_count": 4}, "geometry": {"type": "Point", "coordinates": [-74.0700028, 40.9225162]}}, {"id": "103169239", "type": "Feature", "properties": {"street_count": 3}, "geometry": {"type": "Point", "coordinates": [-74.0679829, 40.9213076]}}, {"id": "103171010", "type": "Feature", "properties": {"street_count": 3}, "geometry": {"type": "Point", "coordinates": [-74.048161, 40.946307]}}, {"id": "103171021", "type": "Feature", "properties": {"street_count": 3}, "geometry": {"type": "Point", "coordinates": [-74.0470305, 40.9477917]}}, {"id": "103171490", "type": "Feature", "properties": {"street_count": 3}, "geometry": {"type": "Point", "coordinates": [-74.0679008, 40.965211]}}, {"id": "103171494", "type": "Feature", "properties": {"street_count": 1}, "geometry": {"type": "Point", "coordinates": [-74.0699107, 40.9667855]}}, {"id": "103171500", "type": "Feature", "properties": {"street_count": 3}, "geometry": {"type": "Point", "coordinates": [-74.0699753, 40.9661086]}}, {"id": "103171518", "type": "Feature", "properties": {"street_count": 1}, "geometry": {"type": "Point", "coordinates": [-74.0596855, 40.9397234]}}, {"id": "103171536", "type": "Feature", "properties": {"street_count": 3}, "geometry": {"type": "Point", "coordinates": [-74.058365, 40.938481]}}, {"id": "103171543", "type": "Feature", "properties": {"street_count": 3}, "geometry": {"type": "Point", "coordinates": [-74.055517, 40.937584]}}, {"id": "103171547", "type": "Feature", "properties": {"street_count": 3}, "geometry": {"type": "Point", "coordinates": [-74.055707, 40.937034]}}, {"id": "103171892", "type": "Feature", "properties": {"street_count": 4}, "geometry": {"type": "Point", "coordinates": [-74.0658091, 40.9281896]}}, {"id": "103171894", "type": "Feature", "properties": {"street_count": 3}, "geometry": {"type": "Point", "coordinates": [-74.0621035, 40.9272033]}}, {"id": "103171898", "type": "Feature", "properties": {"street_count": 3}, "geometry": {"type": "Point", "coordinates": [-74.0584814, 40.9262496]}}, {"id": "103171999", "type": "Feature", "properties": {"street_count": 3}, "geometry": {"type": "Point", "coordinates": [-74.048367, 40.939692]}}, {"id": "103172001", "type": "Feature", "properties": {"street_count": 1}, "geometry": {"type": "Point", "coordinates": [-74.046793, 40.939272]}}, {"id": "103172065", "type": "Feature", "properties": {"street_count": 1}, "geometry": {"type": "Point", "coordinates": [-74.0741551, 40.969903]}}, {"id": "103172234", "type": "Feature", "properties": {"street_count": 1}, "geometry": {"type": "Point", "coordinates": [-74.0462206, 40.9374044]}}, {"id": "103172237", "type": "Feature", "properties": {"street_count": 3}, "geometry": {"type": "Point", "coordinates": [-74.0452687, 40.9371587]}}, {"id": "103172238", "type": "Feature", "properties": {"street_count": 1}, "geometry": {"type": "Point", "coordinates": [-74.0448505, 40.9370508]}}, {"id": "103172601", "type": "Feature", "properties": {"street_count": 3}, "geometry": {"type": "Point", "coordinates": [-74.045456, 40.938074]}}, {"id": "103172623", "type": "Feature", "properties": {"street_count": 3}, "geometry": {"type": "Point", "coordinates": [-74.043451, 40.939579]}}, {"id": "103172624", "type": "Feature", "properties": {"street_count": 1}, "geometry": {"type": "Point", "coordinates": [-74.043236, 40.940027]}}, {"id": "103172704", "type": "Feature", "properties": {"street_count": 3}, "geometry": {"type": "Point", "coordinates": [-74.0686963, 40.9318558]}}, {"id": "103172706", "type": "Feature", "properties": {"street_count": 3}, "geometry": {"type": "Point", "coordinates": [-74.067467, 40.931534]}}, {"id": "103173349", "type": "Feature", "properties": {"street_count": 3}, "geometry": {"type": "Point", "coordinates": [-74.086068, 40.967684]}}, {"id": "103173365", "type": "Feature", "properties": {"street_count": 3}, "geometry": {"type": "Point", "coordinates": [-74.08794, 40.968584]}}, {"id": "103173501", "type": "Feature", "properties": {"street_count": 3}, "geometry": {"type": "Point", "coordinates": [-74.074415, 40.947946]}}, {"id": "103173504", "type": "Feature", "properties": {"street_count": 3}, "geometry": {"type": "Point", "coordinates": [-74.074606, 40.949731]}}, {"id": "103173510", "type": "Feature", "properties": {"street_count": 3}, "geometry": {"type": "Point", "coordinates": [-74.074518, 40.950552]}}, {"id": "103173513", "type": "Feature", "properties": {"street_count": 4}, "geometry": {"type": "Point", "coordinates": [-74.0739596, 40.9512028]}}, {"id": "103173704", "type": "Feature", "properties": {"street_count": 3}, "geometry": {"type": "Point", "coordinates": [-74.07012, 40.9266655]}}, {"id": "103173720", "type": "Feature", "properties": {"street_count": 3}, "geometry": {"type": "Point", "coordinates": [-74.0665196, 40.9259969]}}, {"id": "103174889", "type": "Feature", "properties": {"street_count": 3}, "geometry": {"type": "Point", "coordinates": [-74.050479, 40.935554]}}, {"id": "103174894", "type": "Feature", "properties": {"street_count": 3}, "geometry": {"type": "Point", "coordinates": [-74.050639, 40.934772]}}, {"id": "103174905", "type": "Feature", "properties": {"street_count": 3}, "geometry": {"type": "Point", "coordinates": [-74.051104, 40.934087]}}, {"id": "103174915", "type": "Feature", "properties": {"street_count": 1}, "geometry": {"type": "Point", "coordinates": [-74.050647, 40.933233]}}, {"id": "103174990", "type": "Feature", "properties": {"street_count": 1}, "geometry": {"type": "Point", "coordinates": [-74.0667661, 40.9144479]}}, {"id": "103175047", "type": "Feature", "properties": {"street_count": 3}, "geometry": {"type": "Point", "coordinates": [-74.069023, 40.967514]}}, {"id": "103175055", "type": "Feature", "properties": {"street_count": 3}, "geometry": {"type": "Point", "coordinates": [-74.069108, 40.968516]}}, {"id": "103175677", "type": "Feature", "properties": {"street_count": 1}, "geometry": {"type": "Point", "coordinates": [-74.0621774, 40.9671963]}}, {"id": "103175699", "type": "Feature", "properties": {"street_count": 4}, "geometry": {"type": "Point", "coordinates": [-74.0675915, 40.9222689]}}, {"id": "103175703", "type": "Feature", "properties": {"street_count": 3}, "geometry": {"type": "Point", "coordinates": [-74.067222, 40.9233687]}}, {"id": "103175712", "type": "Feature", "properties": {"street_count": 3}, "geometry": {"type": "Point", "coordinates": [-74.0662192, 40.9269068]}}, {"id": "103175713", "type": "Feature", "properties": {"street_count": 3}, "geometry": {"type": "Point", "coordinates": [-74.0661629, 40.9270872]}}, {"id": "103175716", "type": "Feature", "properties": {"street_count": 3}, "geometry": {"type": "Point", "coordinates": [-74.065443, 40.929116]}}, {"id": "103175718", "type": "Feature", "properties": {"street_count": 3}, "geometry": {"type": "Point", "coordinates": [-74.06435, 40.931872]}}, {"id": "103175719", "type": "Feature", "properties": {"street_count": 3}, "geometry": {"type": "Point", "coordinates": [-74.063715, 40.933471]}}, {"id": "103175720", "type": "Feature", "properties": {"street_count": 3}, "geometry": {"type": "Point", "coordinates": [-74.06309, 40.935047]}}, {"id": "103175722", "type": "Feature", "properties": {"street_count": 3}, "geometry": {"type": "Point", "coordinates": [-74.0628, 40.935777]}}, {"id": "103175724", "type": "Feature", "properties": {"street_count": 3}, "geometry": {"type": "Point", "coordinates": [-74.062472, 40.936573]}}, {"id": "103175728", "type": "Feature", "properties": {"street_count": 3}, "geometry": {"type": "Point", "coordinates": [-74.060621, 40.94115]}}, {"id": "103175729", "type": "Feature", "properties": {"street_count": 3}, "geometry": {"type": "Point", "coordinates": [-74.0603125, 40.9419678]}}, {"id": "103175731", "type": "Feature", "properties": {"street_count": 3}, "geometry": {"type": "Point", "coordinates": [-74.060105, 40.942456]}}, {"id": "103175733", "type": "Feature", "properties": {"street_count": 3}, "geometry": {"type": "Point", "coordinates": [-74.059828, 40.943166]}}, {"id": "103175737", "type": "Feature", "properties": {"street_count": 4}, "geometry": {"type": "Point", "coordinates": [-74.058051, 40.947596]}}, {"id": "103175752", "type": "Feature", "properties": {"street_count": 3}, "geometry": {"type": "Point", "coordinates": [-74.057235, 40.950256]}}, {"id": "103175755", "type": "Feature", "properties": {"street_count": 3}, "geometry": {"type": "Point", "coordinates": [-74.057455, 40.95097]}}, {"id": "103175757", "type": "Feature", "properties": {"street_count": 3}, "geometry": {"type": "Point", "coordinates": [-74.057824, 40.952028]}}, {"id": "103175760", "type": "Feature", "properties": {"street_count": 3}, "geometry": {"type": "Point", "coordinates": [-74.0582196, 40.9530975]}}, {"id": "103175764", "type": "Feature", "properties": {"street_count": 3}, "geometry": {"type": "Point", "coordinates": [-74.0583351, 40.9535659]}}, {"id": "103175766", "type": "Feature", "properties": {"street_count": 3}, "geometry": {"type": "Point", "coordinates": [-74.0584189, 40.9541567]}}, {"id": "103176855", "type": "Feature", "properties": {"street_count": 1}, "geometry": {"type": "Point", "coordinates": [-74.084041, 40.960554]}}, {"id": "103176857", "type": "Feature", "properties": {"street_count": 3}, "geometry": {"type": "Point", "coordinates": [-74.084823, 40.960941]}}, {"id": "103176866", "type": "Feature", "properties": {"street_count": 3}, "geometry": {"type": "Point", "coordinates": [-74.085796, 40.961994]}}, {"id": "103177361", "type": "Feature", "properties": {"street_count": 3}, "geometry": {"type": "Point", "coordinates": [-74.083095, 40.962886]}}, {"id": "103177371", "type": "Feature", "properties": {"street_count": 1}, "geometry": {"type": "Point", "coordinates": [-74.0862882, 40.9630657]}}, {"id": "103178658", "type": "Feature", "properties": {"street_count": 3}, "geometry": {"type": "Point", "coordinates": [-74.082809, 40.964158]}}, {"id": "103178659", "type": "Feature", "properties": {"street_count": 3}, "geometry": {"type": "Point", "coordinates": [-74.082529, 40.964942]}}, {"id": "103178662", "type": "Feature", "properties": {"street_count": 4}, "geometry": {"type": "Point", "coordinates": [-74.082307, 40.965927]}}, {"id": "103178664", "type": "Feature", "properties": {"street_count": 3}, "geometry": {"type": "Point", "coordinates": [-74.082235, 40.967402]}}, {"id": "103178666", "type": "Feature", "properties": {"street_count": 3}, "geometry": {"type": "Point", "coordinates": [-74.0822194, 40.967587]}}, {"id": "103178667", "type": "Feature", "properties": {"street_count": 3}, "geometry": {"type": "Point", "coordinates": [-74.0821128, 40.969422]}}, {"id": "103179468", "type": "Feature", "properties": {"street_count": 1}, "geometry": {"type": "Point", "coordinates": [-74.096355, 40.966141]}}, {"id": "103179469", "type": "Feature", "properties": {"street_count": 3}, "geometry": {"type": "Point", "coordinates": [-74.096159, 40.965479]}}, {"id": "103179482", "type": "Feature", "properties": {"street_count": 3}, "geometry": {"type": "Point", "coordinates": [-74.09515, 40.9644]}}, {"id": "103179505", "type": "Feature", "properties": {"street_count": 3}, "geometry": {"type": "Point", "coordinates": [-74.092718, 40.96351]}}, {"id": "103179531", "type": "Feature", "properties": {"street_count": 3}, "geometry": {"type": "Point", "coordinates": [-74.070293, 40.969179]}}, {"id": "103179538", "type": "Feature", "properties": {"street_count": 3}, "geometry": {"type": "Point", "coordinates": [-74.069624, 40.970881]}}, {"id": "103179764", "type": "Feature", "properties": {"street_count": 3}, "geometry": {"type": "Point", "coordinates": [-74.060465, 40.949211]}}, {"id": "103179777", "type": "Feature", "properties": {"street_count": 4}, "geometry": {"type": "Point", "coordinates": [-74.058942, 40.950074]}}, {"id": "103179779", "type": "Feature", "properties": {"street_count": 1}, "geometry": {"type": "Point", "coordinates": [-74.058881, 40.95042]}}, {"id": "103180360", "type": "Feature", "properties": {"street_count": 3}, "geometry": {"type": "Point", "coordinates": [-74.0726149, 40.9689322]}}, {"id": "103180363", "type": "Feature", "properties": {"street_count": 3}, "geometry": {"type": "Point", "coordinates": [-74.0705606, 40.9684071]}}, {"id": "103180375", "type": "Feature", "properties": {"street_count": 3}, "geometry": {"type": "Point", "coordinates": [-74.068044, 40.969042]}}, {"id": "103180998", "type": "Feature", "properties": {"street_count": 3}, "geometry": {"type": "Point", "coordinates": [-74.050494, 40.921876]}}, {"id": "103181083", "type": "Feature", "properties": {"street_count": 3}, "geometry": {"type": "Point", "coordinates": [-74.056219, 40.9637]}}, {"id": "103181089", "type": "Feature", "properties": {"street_count": 1}, "geometry": {"type": "Point", "coordinates": [-74.055576, 40.963628]}}, {"id": "103182498", "type": "Feature", "properties": {"street_count": 3}, "geometry": {"type": "Point", "coordinates": [-74.0610185, 40.9504099]}}, {"id": "103182500", "type": "Feature", "properties": {"street_count": 3}, "geometry": {"type": "Point", "coordinates": [-74.05992, 40.950209]}}, {"id": "103182512", "type": "Feature", "properties": {"street_count": 1}, "geometry": {"type": "Point", "coordinates": [-74.0582029, 40.9493142]}}, {"id": "103182806", "type": "Feature", "properties": {"street_count": 4}, "geometry": {"type": "Point", "coordinates": [-74.0890741, 40.977743]}}, {"id": "103182815", "type": "Feature", "properties": {"street_count": 3}, "geometry": {"type": "Point", "coordinates": [-74.089985, 40.978039]}}, {"id": "103182822", "type": "Feature", "properties": {"street_count": 3}, "geometry": {"type": "Point", "coordinates": [-74.091358, 40.978239]}}, {"id": "103183778", "type": "Feature", "properties": {"street_count": 3}, "geometry": {"type": "Point", "coordinates": [-74.059212, 40.921226]}}, {"id": "103183801", "type": "Feature", "properties": {"street_count": 3}, "geometry": {"type": "Point", "coordinates": [-74.057647, 40.921809]}}, {"id": "103183829", "type": "Feature", "properties": {"street_count": 3}, "geometry": {"type": "Point", "coordinates": [-74.0569347, 40.920361]}}, {"id": "103184061", "type": "Feature", "properties": {"street_count": 3}, "geometry": {"type": "Point", "coordinates": [-74.083179, 40.954806]}}, {"id": "103184063", "type": "Feature", "properties": {"street_count": 3}, "geometry": {"type": "Point", "coordinates": [-74.086474, 40.956695]}}, {"id": "103184209", "type": "Feature", "properties": {"street_count": 2}, "geometry": {"type": "Point", "coordinates": [-74.06513, 40.94415]}}, {"id": "103184211", "type": "Feature", "properties": {"street_count": 3}, "geometry": {"type": "Point", "coordinates": [-74.066346, 40.94179]}}, {"id": "103184813", "type": "Feature", "properties": {"street_count": 3}, "geometry": {"type": "Point", "coordinates": [-74.087222, 40.966293]}}, {"id": "103184814", "type": "Feature", "properties": {"street_count": 3}, "geometry": {"type": "Point", "coordinates": [-74.08688, 40.967066]}}, {"id": "103187626", "type": "Feature", "properties": {"street_count": 1}, "geometry": {"type": "Point", "coordinates": [-74.0924386, 40.9703762]}}, {"id": "103187638", "type": "Feature", "properties": {"street_count": 1}, "geometry": {"type": "Point", "coordinates": [-74.0670191, 40.9139226]}}, {"id": "103187640", "type": "Feature", "properties": {"street_count": 1}, "geometry": {"type": "Point", "coordinates": [-74.067527, 40.912629]}}, {"id": "103188416", "type": "Feature", "properties": {"street_count": 3}, "geometry": {"type": "Point", "coordinates": [-74.080348, 40.951348]}}, {"id": "103188428", "type": "Feature", "properties": {"street_count": 3}, "geometry": {"type": "Point", "coordinates": [-74.079663, 40.953404]}}, {"id": "103188430", "type": "Feature", "properties": {"street_count": 3}, "geometry": {"type": "Point", "coordinates": [-74.0790648, 40.9541094]}}, {"id": "103188706", "type": "Feature", "properties": {"street_count": 3}, "geometry": {"type": "Point", "coordinates": [-74.0726011, 40.9356795]}}, {"id": "103188724", "type": "Feature", "properties": {"street_count": 3}, "geometry": {"type": "Point", "coordinates": [-74.0681977, 40.9431819]}}, {"id": "103188770", "type": "Feature", "properties": {"street_count": 3}, "geometry": {"type": "Point", "coordinates": [-74.0658974, 40.9571358]}}, {"id": "103188800", "type": "Feature", "properties": {"street_count": 3}, "geometry": {"type": "Point", "coordinates": [-74.0652172, 40.9693093]}}, {"id": "103188828", "type": "Feature", "properties": {"street_count": 3}, "geometry": {"type": "Point", "coordinates": [-74.0701541, 40.9758559]}}, {"id": "103189342", "type": "Feature", "properties": {"street_count": 3}, "geometry": {"type": "Point", "coordinates": [-74.0682535, 40.9436291]}}, {"id": "103189360", "type": "Feature", "properties": {"street_count": 3}, "geometry": {"type": "Point", "coordinates": [-74.0728022, 40.9348811]}}, {"id": "103191924", "type": "Feature", "properties": {"street_count": 3}, "geometry": {"type": "Point", "coordinates": [-74.0695772, 40.9176808]}}, {"id": "103191932", "type": "Feature", "properties": {"street_count": 1}, "geometry": {"type": "Point", "coordinates": [-74.067677, 40.9175]}}, {"id": "103191984", "type": "Feature", "properties": {"street_count": 3}, "geometry": {"type": "Point", "coordinates": [-74.051222, 40.965832]}}, {"id": "103191986", "type": "Feature", "properties": {"street_count": 3}, "geometry": {"type": "Point", "coordinates": [-74.051463, 40.965285]}}, {"id": "103192034", "type": "Feature", "properties": {"street_count": 1}, "geometry": {"type": "Point", "coordinates": [-74.049945, 40.964664]}}, {"id": "103192060", "type": "Feature", "properties": {"street_count": 1}, "geometry": {"type": "Point", "coordinates": [-74.049868, 40.947008]}}, {"id": "103192073", "type": "Feature", "properties": {"street_count": 3}, "geometry": {"type": "Point", "coordinates": [-74.04955, 40.9493553]}}, {"id": "103192280", "type": "Feature", "properties": {"street_count": 1}, "geometry": {"type": "Point", "coordinates": [-74.090234, 40.969568]}}, {"id": "103192282", "type": "Feature", "properties": {"street_count": 3}, "geometry": {"type": "Point", "coordinates": [-74.090012, 40.970207]}}, {"id": "103192284", "type": "Feature", "properties": {"street_count": 3}, "geometry": {"type": "Point", "coordinates": [-74.089505, 40.971661]}}, {"id": "103193038", "type": "Feature", "properties": {"street_count": 3}, "geometry": {"type": "Point", "coordinates": [-74.061775, 40.970203]}}, {"id": "103193045", "type": "Feature", "properties": {"street_count": 3}, "geometry": {"type": "Point", "coordinates": [-74.064543, 40.971757]}}, {"id": "103193813", "type": "Feature", "properties": {"street_count": 1}, "geometry": {"type": "Point", "coordinates": [-74.059283, 40.938243]}}, {"id": "103194139", "type": "Feature", "properties": {"street_count": 3}, "geometry": {"type": "Point", "coordinates": [-74.0528375, 40.9540694]}}, {"id": "103194146", "type": "Feature", "properties": {"street_count": 3}, "geometry": {"type": "Point", "coordinates": [-74.051182, 40.9538167]}}, {"id": "103194820", "type": "Feature", "properties": {"street_count": 3}, "geometry": {"type": "Point", "coordinates": [-74.065209, 40.972508]}}, {"id": "103194827", "type": "Feature", "properties": {"street_count": 3}, "geometry": {"type": "Point", "coordinates": [-74.061323, 40.96328]}}, {"id": "103194843", "type": "Feature", "properties": {"street_count": 4}, "geometry": {"type": "Point", "coordinates": [-74.061653, 40.964713]}}, {"id": "103194845", "type": "Feature", "properties": {"street_count": 3}, "geometry": {"type": "Point", "coordinates": [-74.0626766, 40.9650827]}}, {"id": "103194893", "type": "Feature", "properties": {"street_count": 3}, "geometry": {"type": "Point", "coordinates": [-74.088209, 40.956217]}}, {"id": "103194895", "type": "Feature", "properties": {"street_count": 1}, "geometry": {"type": "Point", "coordinates": [-74.0878122, 40.9566113]}}, {"id": "103196604", "type": "Feature", "properties": {"street_count": 3}, "geometry": {"type": "Point", "coordinates": [-74.072795, 40.975777]}}, {"id": "103196606", "type": "Feature", "properties": {"street_count": 1}, "geometry": {"type": "Point", "coordinates": [-74.072694, 40.976413]}}, {"id": "103197905", "type": "Feature", "properties": {"street_count": 1}, "geometry": {"type": "Point", "coordinates": [-74.0941705, 40.9654112]}}, {"id": "103197909", "type": "Feature", "properties": {"street_count": 3}, "geometry": {"type": "Point", "coordinates": [-74.093881, 40.966305]}}, {"id": "103197915", "type": "Feature", "properties": {"street_count": 3}, "geometry": {"type": "Point", "coordinates": [-74.093569, 40.967128]}}, {"id": "103197916", "type": "Feature", "properties": {"street_count": 3}, "geometry": {"type": "Point", "coordinates": [-74.0935472, 40.96724]}}, {"id": "103198060", "type": "Feature", "properties": {"street_count": 3}, "geometry": {"type": "Point", "coordinates": [-74.0635649, 40.9590145]}}, {"id": "103198067", "type": "Feature", "properties": {"street_count": 1}, "geometry": {"type": "Point", "coordinates": [-74.0754399, 40.9130486]}}, {"id": "103198174", "type": "Feature", "properties": {"street_count": 3}, "geometry": {"type": "Point", "coordinates": [-74.075648, 40.949873]}}, {"id": "103198180", "type": "Feature", "properties": {"street_count": 3}, "geometry": {"type": "Point", "coordinates": [-74.078324, 40.950811]}}, {"id": "103198189", "type": "Feature", "properties": {"street_count": 3}, "geometry": {"type": "Point", "coordinates": [-74.079323, 40.950808]}}, {"id": "103198383", "type": "Feature", "properties": {"street_count": 1}, "geometry": {"type": "Point", "coordinates": [-74.047974, 40.9354393]}}, {"id": "103199385", "type": "Feature", "properties": {"street_count": 3}, "geometry": {"type": "Point", "coordinates": [-74.08643, 40.965141]}}, {"id": "103199568", "type": "Feature", "properties": {"street_count": 3}, "geometry": {"type": "Point", "coordinates": [-74.056278, 40.932436]}}, {"id": "103199574", "type": "Feature", "properties": {"street_count": 3}, "geometry": {"type": "Point", "coordinates": [-74.055456, 40.932464]}}, {"id": "103200167", "type": "Feature", "properties": {"street_count": 1}, "geometry": {"type": "Point", "coordinates": [-74.081721, 40.951545]}}, {"id": "103200184", "type": "Feature", "properties": {"street_count": 3}, "geometry": {"type": "Point", "coordinates": [-74.082649, 40.953031]}}, {"id": "103200190", "type": "Feature", "properties": {"street_count": 4}, "geometry": {"type": "Point", "coordinates": [-74.087386, 40.955751]}}, {"id": "103200192", "type": "Feature", "properties": {"street_count": 1}, "geometry": {"type": "Point", "coordinates": [-74.088778, 40.95654]}}, {"id": "103200198", "type": "Feature", "properties": {"street_count": 3}, "geometry": {"type": "Point", "coordinates": [-74.091219, 40.957944]}}, {"id": "103200200", "type": "Feature", "properties": {"street_count": 3}, "geometry": {"type": "Point", "coordinates": [-74.093198, 40.959076]}}, {"id": "103200498", "type": "Feature", "properties": {"street_count": 3}, "geometry": {"type": "Point", "coordinates": [-74.0720499, 40.9710107]}}, {"id": "103202662", "type": "Feature", "properties": {"street_count": 1}, "geometry": {"type": "Point", "coordinates": [-74.0635649, 40.9637458]}}, {"id": "103202664", "type": "Feature", "properties": {"street_count": 3}, "geometry": {"type": "Point", "coordinates": [-74.061892, 40.966223]}}, {"id": "103203457", "type": "Feature", "properties": {"street_count": 1}, "geometry": {"type": "Point", "coordinates": [-74.0917282, 40.9718166]}}, {"id": "103203496", "type": "Feature", "properties": {"street_count": 3}, "geometry": {"type": "Point", "coordinates": [-74.0546124, 40.9238206]}}, {"id": "103203510", "type": "Feature", "properties": {"street_count": 1}, "geometry": {"type": "Point", "coordinates": [-74.0540709, 40.9217264]}}, {"id": "103203797", "type": "Feature", "properties": {"street_count": 1}, "geometry": {"type": "Point", "coordinates": [-74.0891723, 40.9720776]}}, {"id": "103203799", "type": "Feature", "properties": {"street_count": 4}, "geometry": {"type": "Point", "coordinates": [-74.0880127, 40.9738158]}}, {"id": "103203841", "type": "Feature", "properties": {"street_count": 3}, "geometry": {"type": "Point", "coordinates": [-74.047256, 40.969577]}}, {"id": "103203967", "type": "Feature", "properties": {"street_count": 1}, "geometry": {"type": "Point", "coordinates": [-74.063944, 40.950977]}}, {"id": "103203980", "type": "Feature", "properties": {"street_count": 1}, "geometry": {"type": "Point", "coordinates": [-74.061656, 40.9515906]}}, {"id": "103204134", "type": "Feature", "properties": {"street_count": 4}, "geometry": {"type": "Point", "coordinates": [-74.0721362, 40.9669036]}}, {"id": "103204138", "type": "Feature", "properties": {"street_count": 1}, "geometry": {"type": "Point", "coordinates": [-74.0719007, 40.9679658]}}, {"id": "103204168", "type": "Feature", "properties": {"street_count": 3}, "geometry": {"type": "Point", "coordinates": [-74.076704, 40.955194]}}, {"id": "103204178", "type": "Feature", "properties": {"street_count": 1}, "geometry": {"type": "Point", "coordinates": [-74.077782, 40.95419]}}, {"id": "103204326", "type": "Feature", "properties": {"street_count": 1}, "geometry": {"type": "Point", "coordinates": [-74.059095, 40.942976]}}, {"id": "103204465", "type": "Feature", "properties": {"street_count": 1}, "geometry": {"type": "Point", "coordinates": [-74.070887, 40.972896]}}, {"id": "103205231", "type": "Feature", "properties": {"street_count": 3}, "geometry": {"type": "Point", "coordinates": [-74.0733199, 40.9548972]}}, {"id": "103206409", "type": "Feature", "properties": {"street_count": 3}, "geometry": {"type": "Point", "coordinates": [-74.057499, 40.922953]}}, {"id": "103206411", "type": "Feature", "properties": {"street_count": 1}, "geometry": {"type": "Point", "coordinates": [-74.05708, 40.923615]}}, {"id": "103206416", "type": "Feature", "properties": {"street_count": 3}, "geometry": {"type": "Point", "coordinates": [-74.057164, 40.922864]}}, {"id": "103206744", "type": "Feature", "properties": {"street_count": 3}, "geometry": {"type": "Point", "coordinates": [-74.0810825, 40.9740799]}}, {"id": "103207267", "type": "Feature", "properties": {"street_count": 3}, "geometry": {"type": "Point", "coordinates": [-74.060866, 40.930639]}}, {"id": "103209649", "type": "Feature", "properties": {"street_count": 3}, "geometry": {"type": "Point", "coordinates": [-74.093477, 40.969027]}}, {"id": "103209664", "type": "Feature", "properties": {"street_count": 3}, "geometry": {"type": "Point", "coordinates": [-74.095043, 40.968382]}}, {"id": "103209666", "type": "Feature", "properties": {"street_count": 3}, "geometry": {"type": "Point", "coordinates": [-74.095135, 40.967265]}}, {"id": "103210200", "type": "Feature", "properties": {"street_count": 3}, "geometry": {"type": "Point", "coordinates": [-74.0834502, 40.9697201]}}, {"id": "103210224", "type": "Feature", "properties": {"street_count": 3}, "geometry": {"type": "Point", "coordinates": [-74.0844365, 40.9700335]}}, {"id": "103210340", "type": "Feature", "properties": {"street_count": 1}, "geometry": {"type": "Point", "coordinates": [-74.070705, 40.974057]}}, {"id": "103210342", "type": "Feature", "properties": {"street_count": 3}, "geometry": {"type": "Point", "coordinates": [-74.070248, 40.973487]}}, {"id": "103210345", "type": "Feature", "properties": {"street_count": 1}, "geometry": {"type": "Point", "coordinates": [-74.069593, 40.972628]}}, {"id": "103210412", "type": "Feature", "properties": {"street_count": 3}, "geometry": {"type": "Point", "coordinates": [-74.0787065, 40.9701959]}}, {"id": "103210425", "type": "Feature", "properties": {"street_count": 4}, "geometry": {"type": "Point", "coordinates": [-74.0765047, 40.9692976]}}, {"id": "103210430", "type": "Feature", "properties": {"street_count": 3}, "geometry": {"type": "Point", "coordinates": [-74.0751242, 40.9683423]}}, {"id": "103210443", "type": "Feature", "properties": {"street_count": 3}, "geometry": {"type": "Point", "coordinates": [-74.0742078, 40.967688]}}, {"id": "103210457", "type": "Feature", "properties": {"street_count": 3}, "geometry": {"type": "Point", "coordinates": [-74.0711073, 40.966508]}}, {"id": "103210585", "type": "Feature", "properties": {"street_count": 3}, "geometry": {"type": "Point", "coordinates": [-74.0547942, 40.955955]}}, {"id": "103210587", "type": "Feature", "properties": {"street_count": 3}, "geometry": {"type": "Point", "coordinates": [-74.0534799, 40.9556058]}}, {"id": "103210589", "type": "Feature", "properties": {"street_count": 3}, "geometry": {"type": "Point", "coordinates": [-74.0522946, 40.9552986]}}, {"id": "103210591", "type": "Feature", "properties": {"street_count": 4}, "geometry": {"type": "Point", "coordinates": [-74.0511708, 40.9550116]}}, {"id": "103210918", "type": "Feature", "properties": {"street_count": 3}, "geometry": {"type": "Point", "coordinates": [-74.0570191, 40.9244578]}}, {"id": "103210926", "type": "Feature", "properties": {"street_count": 3}, "geometry": {"type": "Point", "coordinates": [-74.055733, 40.9266337]}}, {"id": "103210928", "type": "Feature", "properties": {"street_count": 1}, "geometry": {"type": "Point", "coordinates": [-74.0559146, 40.926268]}}, {"id": "103210955", "type": "Feature", "properties": {"street_count": 3}, "geometry": {"type": "Point", "coordinates": [-74.068444, 40.932578]}}, {"id": "103210961", "type": "Feature", "properties": {"street_count": 3}, "geometry": {"type": "Point", "coordinates": [-74.0664782, 40.932136]}}, {"id": "103211190", "type": "Feature", "properties": {"street_count": 1}, "geometry": {"type": "Point", "coordinates": [-74.0885041, 40.9761748]}}, {"id": "103211191", "type": "Feature", "properties": {"street_count": 3}, "geometry": {"type": "Point", "coordinates": [-74.087188, 40.975633]}}, {"id": "103211783", "type": "Feature", "properties": {"street_count": 3}, "geometry": {"type": "Point", "coordinates": [-74.042265, 40.942076]}}, {"id": "103211785", "type": "Feature", "properties": {"street_count": 3}, "geometry": {"type": "Point", "coordinates": [-74.041241, 40.941802]}}, {"id": "103211789", "type": "Feature", "properties": {"street_count": 3}, "geometry": {"type": "Point", "coordinates": [-74.040538, 40.941665]}}, {"id": "103211868", "type": "Feature", "properties": {"street_count": 1}, "geometry": {"type": "Point", "coordinates": [-74.09031, 40.976943]}}, {"id": "103211977", "type": "Feature", "properties": {"street_count": 3}, "geometry": {"type": "Point", "coordinates": [-74.056377, 40.960886]}}, {"id": "103212850", "type": "Feature", "properties": {"street_count": 1}, "geometry": {"type": "Point", "coordinates": [-74.078786, 40.974067]}}, {"id": "103212852", "type": "Feature", "properties": {"street_count": 3}, "geometry": {"type": "Point", "coordinates": [-74.078408, 40.975179]}}, {"id": "103213826", "type": "Feature", "properties": {"street_count": 1}, "geometry": {"type": "Point", "coordinates": [-74.0687985, 40.9314973]}}, {"id": "103213830", "type": "Feature", "properties": {"street_count": 1}, "geometry": {"type": "Point", "coordinates": [-74.068434, 40.933601]}}, {"id": "103214538", "type": "Feature", "properties": {"street_count": 3}, "geometry": {"type": "Point", "coordinates": [-74.088336, 40.96659]}}, {"id": "103214539", "type": "Feature", "properties": {"street_count": 3}, "geometry": {"type": "Point", "coordinates": [-74.090747, 40.967232]}}, {"id": "103214777", "type": "Feature", "properties": {"street_count": 1}, "geometry": {"type": "Point", "coordinates": [-74.09329, 40.969476]}}, {"id": "103215366", "type": "Feature", "properties": {"street_count": 1}, "geometry": {"type": "Point", "coordinates": [-74.057201, 40.962175]}}, {"id": "103215368", "type": "Feature", "properties": {"street_count": 3}, "geometry": {"type": "Point", "coordinates": [-74.056091, 40.961909]}}, {"id": "103215650", "type": "Feature", "properties": {"street_count": 3}, "geometry": {"type": "Point", "coordinates": [-74.0533125, 40.9530423]}}, {"id": "103215685", "type": "Feature", "properties": {"street_count": 3}, "geometry": {"type": "Point", "coordinates": [-74.0849048, 40.9348251]}}, {"id": "103216437", "type": "Feature", "properties": {"street_count": 3}, "geometry": {"type": "Point", "coordinates": [-74.075961, 40.949182]}}, {"id": "103216440", "type": "Feature", "properties": {"street_count": 3}, "geometry": {"type": "Point", "coordinates": [-74.078828, 40.950157]}}, {"id": "103216452", "type": "Feature", "properties": {"street_count": 3}, "geometry": {"type": "Point", "coordinates": [-74.079269, 40.951282]}}, {"id": "103216673", "type": "Feature", "properties": {"street_count": 3}, "geometry": {"type": "Point", "coordinates": [-74.089236, 40.955197]}}, {"id": "103216688", "type": "Feature", "properties": {"street_count": 3}, "geometry": {"type": "Point", "coordinates": [-74.0915143, 40.9574505]}}, {"id": "103216731", "type": "Feature", "properties": {"street_count": 4}, "geometry": {"type": "Point", "coordinates": [-74.0862989, 40.9217759]}}, {"id": "103216866", "type": "Feature", "properties": {"street_count": 3}, "geometry": {"type": "Point", "coordinates": [-74.048009, 40.940501]}}, {"id": "103216868", "type": "Feature", "properties": {"street_count": 3}, "geometry": {"type": "Point", "coordinates": [-74.047115, 40.940272]}}, {"id": "103216869", "type": "Feature", "properties": {"street_count": 3}, "geometry": {"type": "Point", "coordinates": [-74.04609, 40.940011]}}, {"id": "103216874", "type": "Feature", "properties": {"street_count": 3}, "geometry": {"type": "Point", "coordinates": [-74.045112, 40.939767]}}, {"id": "103217069", "type": "Feature", "properties": {"street_count": 3}, "geometry": {"type": "Point", "coordinates": [-74.061262, 40.9362497]}}, {"id": "103217070", "type": "Feature", "properties": {"street_count": 3}, "geometry": {"type": "Point", "coordinates": [-74.0531173, 40.9340837]}}, {"id": "103217320", "type": "Feature", "properties": {"street_count": 3}, "geometry": {"type": "Point", "coordinates": [-74.0790447, 40.9147949]}}, {"id": "103217392", "type": "Feature", "properties": {"street_count": 3}, "geometry": {"type": "Point", "coordinates": [-74.048433, 40.966607]}}, {"id": "103217936", "type": "Feature", "properties": {"street_count": 3}, "geometry": {"type": "Point", "coordinates": [-74.0773883, 40.966803]}}, {"id": "103217937", "type": "Feature", "properties": {"street_count": 1}, "geometry": {"type": "Point", "coordinates": [-74.0774001, 40.9671652]}}, {"id": "103217947", "type": "Feature", "properties": {"street_count": 3}, "geometry": {"type": "Point", "coordinates": [-74.088763, 40.965675]}}, {"id": "103218339", "type": "Feature", "properties": {"street_count": 3}, "geometry": {"type": "Point", "coordinates": [-74.068662, 40.969761]}}, {"id": "103218585", "type": "Feature", "properties": {"street_count": 1}, "geometry": {"type": "Point", "coordinates": [-74.0689845, 40.9244397]}}, {"id": "103218587", "type": "Feature", "properties": {"street_count": 3}, "geometry": {"type": "Point", "coordinates": [-74.0688105, 40.9244632]}}, {"id": "103218798", "type": "Feature", "properties": {"street_count": 3}, "geometry": {"type": "Point", "coordinates": [-74.0485425, 40.9490605]}}, {"id": "103218799", "type": "Feature", "properties": {"street_count": 3}, "geometry": {"type": "Point", "coordinates": [-74.048175, 40.949882]}}, {"id": "103218801", "type": "Feature", "properties": {"street_count": 3}, "geometry": {"type": "Point", "coordinates": [-74.0476017, 40.9512157]}}, {"id": "103219383", "type": "Feature", "properties": {"street_count": 1}, "geometry": {"type": "Point", "coordinates": [-74.057749, 40.944366]}}, {"id": "103219385", "type": "Feature", "properties": {"street_count": 3}, "geometry": {"type": "Point", "coordinates": [-74.0553, 40.943724]}}, {"id": "103219398", "type": "Feature", "properties": {"street_count": 3}, "geometry": {"type": "Point", "coordinates": [-74.0511761, 40.9497843]}}, {"id": "103219402", "type": "Feature", "properties": {"street_count": 3}, "geometry": {"type": "Point", "coordinates": [-74.050302, 40.9495653]}}, {"id": "103219408", "type": "Feature", "properties": {"street_count": 1}, "geometry": {"type": "Point", "coordinates": [-74.0467689, 40.9486091]}}, {"id": "103219542", "type": "Feature", "properties": {"street_count": 1}, "geometry": {"type": "Point", "coordinates": [-74.054285, 40.943514]}}, {"id": "103219546", "type": "Feature", "properties": {"street_count": 3}, "geometry": {"type": "Point", "coordinates": [-74.053527, 40.945935]}}, {"id": "103220740", "type": "Feature", "properties": {"street_count": 1}, "geometry": {"type": "Point", "coordinates": [-74.061379, 40.929548]}}, {"id": "103220742", "type": "Feature", "properties": {"street_count": 3}, "geometry": {"type": "Point", "coordinates": [-74.061198, 40.929933]}}, {"id": "103221522", "type": "Feature", "properties": {"street_count": 1}, "geometry": {"type": "Point", "coordinates": [-74.0634734, 40.9369367]}}, {"id": "103221749", "type": "Feature", "properties": {"street_count": 3}, "geometry": {"type": "Point", "coordinates": [-74.0726431, 40.9638788]}}, {"id": "103222250", "type": "Feature", "properties": {"street_count": 3}, "geometry": {"type": "Point", "coordinates": [-74.0664269, 40.9367373]}}, {"id": "103222264", "type": "Feature", "properties": {"street_count": 3}, "geometry": {"type": "Point", "coordinates": [-74.064383, 40.941447]}}, {"id": "103222267", "type": "Feature", "properties": {"street_count": 3}, "geometry": {"type": "Point", "coordinates": [-74.092816, 40.962707]}}, {"id": "103222273", "type": "Feature", "properties": {"street_count": 3}, "geometry": {"type": "Point", "coordinates": [-74.092375, 40.965958]}}, {"id": "103222277", "type": "Feature", "properties": {"street_count": 3}, "geometry": {"type": "Point", "coordinates": [-74.092241, 40.966525]}}, {"id": "103222279", "type": "Feature", "properties": {"street_count": 3}, "geometry": {"type": "Point", "coordinates": [-74.0921531, 40.9670698]}}, {"id": "103222281", "type": "Feature", "properties": {"street_count": 3}, "geometry": {"type": "Point", "coordinates": [-74.0918496, 40.9683564]}}, {"id": "103222295", "type": "Feature", "properties": {"street_count": 4}, "geometry": {"type": "Point", "coordinates": [-74.0906951, 40.972043]}}, {"id": "103222302", "type": "Feature", "properties": {"street_count": 3}, "geometry": {"type": "Point", "coordinates": [-74.0891385, 40.9771193]}}, {"id": "103222304", "type": "Feature", "properties": {"street_count": 3}, "geometry": {"type": "Point", "coordinates": [-74.0889642, 40.9785085]}}, {"id": "103222306", "type": "Feature", "properties": {"street_count": 3}, "geometry": {"type": "Point", "coordinates": [-74.0888145, 40.9796168]}}, {"id": "103222314", "type": "Feature", "properties": {"street_count": 3}, "geometry": {"type": "Point", "coordinates": [-74.0859538, 40.9210738]}}, {"id": "103222343", "type": "Feature", "properties": {"street_count": 3}, "geometry": {"type": "Point", "coordinates": [-74.0908286, 40.9301861]}}, {"id": "103222348", "type": "Feature", "properties": {"street_count": 3}, "geometry": {"type": "Point", "coordinates": [-74.0920946, 40.9371977]}}, {"id": "103222358", "type": "Feature", "properties": {"street_count": 4}, "geometry": {"type": "Point", "coordinates": [-74.092573, 40.9411537]}}, {"id": "103222365", "type": "Feature", "properties": {"street_count": 4}, "geometry": {"type": "Point", "coordinates": [-74.0939646, 40.9515394]}}, {"id": "103222367", "type": "Feature", "properties": {"street_count": 3}, "geometry": {"type": "Point", "coordinates": [-74.0939858, 40.9523463]}}, {"id": "103222380", "type": "Feature", "properties": {"street_count": 3}, "geometry": {"type": "Point", "coordinates": [-74.093524, 40.957415]}}, {"id": "103222382", "type": "Feature", "properties": {"street_count": 3}, "geometry": {"type": "Point", "coordinates": [-74.093283, 40.958439]}}, {"id": "103222563", "type": "Feature", "properties": {"street_count": 3}, "geometry": {"type": "Point", "coordinates": [-74.0624521, 40.9225587]}}, {"id": "103222565", "type": "Feature", "properties": {"street_count": 3}, "geometry": {"type": "Point", "coordinates": [-74.0633641, 40.9228019]}}, {"id": "103222566", "type": "Feature", "properties": {"street_count": 1}, "geometry": {"type": "Point", "coordinates": [-74.0648636, 40.9231647]}}, {"id": "103222801", "type": "Feature", "properties": {"street_count": 3}, "geometry": {"type": "Point", "coordinates": [-74.050183, 40.9226663]}}, {"id": "103223946", "type": "Feature", "properties": {"street_count": 3}, "geometry": {"type": "Point", "coordinates": [-74.087921, 40.962841]}}, {"id": "103224066", "type": "Feature", "properties": {"street_count": 1}, "geometry": {"type": "Point", "coordinates": [-74.0692698, 40.9301198]}}, {"id": "103224068", "type": "Feature", "properties": {"street_count": 3}, "geometry": {"type": "Point", "coordinates": [-74.0680655, 40.9298017]}}, {"id": "103224331", "type": "Feature", "properties": {"street_count": 1}, "geometry": {"type": "Point", "coordinates": [-74.050491, 40.933987]}}, {"id": "103224481", "type": "Feature", "properties": {"street_count": 4}, "geometry": {"type": "Point", "coordinates": [-74.0402063, 40.9423746]}}, {"id": "103224608", "type": "Feature", "properties": {"street_count": 3}, "geometry": {"type": "Point", "coordinates": [-74.067093, 40.942354]}}, {"id": "103224623", "type": "Feature", "properties": {"street_count": 3}, "geometry": {"type": "Point", "coordinates": [-74.065669, 40.946559]}}, {"id": "103224632", "type": "Feature", "properties": {"street_count": 1}, "geometry": {"type": "Point", "coordinates": [-74.0647103, 40.9483518]}}, {"id": "103224744", "type": "Feature", "properties": {"street_count": 3}, "geometry": {"type": "Point", "coordinates": [-74.0663906, 40.9340238]}}, {"id": "103224749", "type": "Feature", "properties": {"street_count": 3}, "geometry": {"type": "Point", "coordinates": [-74.0650042, 40.9337973]}}, {"id": "103224994", "type": "Feature", "properties": {"street_count": 3}, "geometry": {"type": "Point", "coordinates": [-74.075568, 40.931626]}}, {"id": "103224995", "type": "Feature", "properties": {"street_count": 3}, "geometry": {"type": "Point", "coordinates": [-74.076521, 40.932192]}}, {"id": "103225001", "type": "Feature", "properties": {"street_count": 3}, "geometry": {"type": "Point", "coordinates": [-74.0868761, 40.9382286]}}, {"id": "103225102", "type": "Feature", "properties": {"street_count": 3}, "geometry": {"type": "Point", "coordinates": [-74.0894691, 40.9601454]}}, {"id": "103225105", "type": "Feature", "properties": {"street_count": 3}, "geometry": {"type": "Point", "coordinates": [-74.088576, 40.960932]}}, {"id": "103225115", "type": "Feature", "properties": {"street_count": 3}, "geometry": {"type": "Point", "coordinates": [-74.087429, 40.961957]}}, {"id": "103225117", "type": "Feature", "properties": {"street_count": 3}, "geometry": {"type": "Point", "coordinates": [-74.086972, 40.961968]}}, {"id": "103225119", "type": "Feature", "properties": {"street_count": 3}, "geometry": {"type": "Point", "coordinates": [-74.0845395, 40.9620354]}}, {"id": "103225291", "type": "Feature", "properties": {"street_count": 4}, "geometry": {"type": "Point", "coordinates": [-74.088828, 40.9741228]}}, {"id": "103225293", "type": "Feature", "properties": {"street_count": 1}, "geometry": {"type": "Point", "coordinates": [-74.088476, 40.974654]}}, {"id": "103226116", "type": "Feature", "properties": {"street_count": 3}, "geometry": {"type": "Point", "coordinates": [-74.075289, 40.951938]}}, {"id": "103226120", "type": "Feature", "properties": {"street_count": 3}, "geometry": {"type": "Point", "coordinates": [-74.0792279, 40.9542066]}}, {"id": "103226121", "type": "Feature", "properties": {"street_count": 3}, "geometry": {"type": "Point", "coordinates": [-74.0795541, 40.9543946]}}, {"id": "103226125", "type": "Feature", "properties": {"street_count": 3}, "geometry": {"type": "Point", "coordinates": [-74.0812105, 40.9553924]}}, {"id": "103226127", "type": "Feature", "properties": {"street_count": 3}, "geometry": {"type": "Point", "coordinates": [-74.0818974, 40.9557929]}}, {"id": "103226128", "type": "Feature", "properties": {"street_count": 3}, "geometry": {"type": "Point", "coordinates": [-74.0823126, 40.9560365]}}, {"id": "103226131", "type": "Feature", "properties": {"street_count": 3}, "geometry": {"type": "Point", "coordinates": [-74.0872335, 40.9588571]}}, {"id": "103226132", "type": "Feature", "properties": {"street_count": 3}, "geometry": {"type": "Point", "coordinates": [-74.0877116, 40.9591342]}}, {"id": "103226134", "type": "Feature", "properties": {"street_count": 3}, "geometry": {"type": "Point", "coordinates": [-74.0880076, 40.9593153]}}, {"id": "103226136", "type": "Feature", "properties": {"street_count": 3}, "geometry": {"type": "Point", "coordinates": [-74.0912653, 40.9611649]}}, {"id": "103226280", "type": "Feature", "properties": {"street_count": 3}, "geometry": {"type": "Point", "coordinates": [-74.081189, 40.965897]}}, {"id": "103226282", "type": "Feature", "properties": {"street_count": 3}, "geometry": {"type": "Point", "coordinates": [-74.081117, 40.967385]}}, {"id": "103226454", "type": "Feature", "properties": {"street_count": 3}, "geometry": {"type": "Point", "coordinates": [-74.093008, 40.96092]}}, {"id": "103226656", "type": "Feature", "properties": {"street_count": 3}, "geometry": {"type": "Point", "coordinates": [-74.046485, 40.94793]}}, {"id": "103227860", "type": "Feature", "properties": {"street_count": 3}, "geometry": {"type": "Point", "coordinates": [-74.045846, 40.943026]}}, {"id": "103227861", "type": "Feature", "properties": {"street_count": 3}, "geometry": {"type": "Point", "coordinates": [-74.044814, 40.942764]}}, {"id": "103228738", "type": "Feature", "properties": {"street_count": 3}, "geometry": {"type": "Point", "coordinates": [-74.084805, 40.967857]}}, {"id": "103228742", "type": "Feature", "properties": {"street_count": 3}, "geometry": {"type": "Point", "coordinates": [-74.085845, 40.968119]}}, {"id": "103228747", "type": "Feature", "properties": {"street_count": 3}, "geometry": {"type": "Point", "coordinates": [-74.0801529, 40.9673717]}}, {"id": "103230412", "type": "Feature", "properties": {"street_count": 3}, "geometry": {"type": "Point", "coordinates": [-74.0501155, 40.9502206]}}, {"id": "103230431", "type": "Feature", "properties": {"street_count": 3}, "geometry": {"type": "Point", "coordinates": [-74.048849, 40.952696]}}, {"id": "103231437", "type": "Feature", "properties": {"street_count": 3}, "geometry": {"type": "Point", "coordinates": [-74.054687, 40.939001]}}, {"id": "103231468", "type": "Feature", "properties": {"street_count": 3}, "geometry": {"type": "Point", "coordinates": [-74.0781095, 40.9667617]}}, {"id": "103231893", "type": "Feature", "properties": {"street_count": 3}, "geometry": {"type": "Point", "coordinates": [-74.0662673, 40.9328323]}}, {"id": "103231934", "type": "Feature", "properties": {"street_count": 3}, "geometry": {"type": "Point", "coordinates": [-74.065787, 40.935624]}}, {"id": "103232113", "type": "Feature", "properties": {"street_count": 3}, "geometry": {"type": "Point", "coordinates": [-74.0732572, 40.9115535]}}, {"id": "103232129", "type": "Feature", "properties": {"street_count": 3}, "geometry": {"type": "Point", "coordinates": [-74.0804019, 40.965031]}}, {"id": "103232145", "type": "Feature", "properties": {"street_count": 3}, "geometry": {"type": "Point", "coordinates": [-74.0799979, 40.9658713]}}, {"id": "103232216", "type": "Feature", "properties": {"street_count": 1}, "geometry": {"type": "Point", "coordinates": [-74.043159, 40.940203]}}, {"id": "103232217", "type": "Feature", "properties": {"street_count": 4}, "geometry": {"type": "Point", "coordinates": [-74.04191, 40.942821]}}, {"id": "103232844", "type": "Feature", "properties": {"street_count": 4}, "geometry": {"type": "Point", "coordinates": [-74.054465, 40.961753]}}, {"id": "103232854", "type": "Feature", "properties": {"street_count": 1}, "geometry": {"type": "Point", "coordinates": [-74.0550397, 40.9630036]}}, {"id": "103232933", "type": "Feature", "properties": {"street_count": 3}, "geometry": {"type": "Point", "coordinates": [-74.051294, 40.9306995]}}, {"id": "103233126", "type": "Feature", "properties": {"street_count": 4}, "geometry": {"type": "Point", "coordinates": [-74.0520695, 40.9231511]}}, {"id": "103233128", "type": "Feature", "properties": {"street_count": 3}, "geometry": {"type": "Point", "coordinates": [-74.0543272, 40.9237443]}}, {"id": "103233132", "type": "Feature", "properties": {"street_count": 3}, "geometry": {"type": "Point", "coordinates": [-74.0561125, 40.9242171]}}, {"id": "103233134", "type": "Feature", "properties": {"street_count": 4}, "geometry": {"type": "Point", "coordinates": [-74.0589657, 40.9249753]}}, {"id": "103233135", "type": "Feature", "properties": {"street_count": 1}, "geometry": {"type": "Point", "coordinates": [-74.0607509, 40.925425]}}, {"id": "103233579", "type": "Feature", "properties": {"street_count": 3}, "geometry": {"type": "Point", "coordinates": [-74.0763031, 40.9738732]}}, {"id": "103233581", "type": "Feature", "properties": {"street_count": 3}, "geometry": {"type": "Point", "coordinates": [-74.0759325, 40.9737954]}}, {"id": "103233588", "type": "Feature", "properties": {"street_count": 3}, "geometry": {"type": "Point", "coordinates": [-74.074483, 40.973316]}}, {"id": "103233664", "type": "Feature", "properties": {"street_count": 3}, "geometry": {"type": "Point", "coordinates": [-74.054096, 40.924266]}}, {"id": "103233676", "type": "Feature", "properties": {"street_count": 3}, "geometry": {"type": "Point", "coordinates": [-74.05327, 40.925799]}}, {"id": "103233797", "type": "Feature", "properties": {"street_count": 1}, "geometry": {"type": "Point", "coordinates": [-74.0523464, 40.9522468]}}, {"id": "103234187", "type": "Feature", "properties": {"street_count": 3}, "geometry": {"type": "Point", "coordinates": [-74.069875, 40.9170403]}}, {"id": "103234198", "type": "Feature", "properties": {"street_count": 1}, "geometry": {"type": "Point", "coordinates": [-74.0672692, 40.9157891]}}, {"id": "103234566", "type": "Feature", "properties": {"street_count": 1}, "geometry": {"type": "Point", "coordinates": [-74.0654576, 40.9738458]}}, {"id": "103234748", "type": "Feature", "properties": {"street_count": 3}, "geometry": {"type": "Point", "coordinates": [-74.059991, 40.962996]}}, {"id": "103234763", "type": "Feature", "properties": {"street_count": 3}, "geometry": {"type": "Point", "coordinates": [-74.06217, 40.963265]}}, {"id": "103235341", "type": "Feature", "properties": {"street_count": 3}, "geometry": {"type": "Point", "coordinates": [-74.053899, 40.962136]}}, {"id": "103235404", "type": "Feature", "properties": {"street_count": 3}, "geometry": {"type": "Point", "coordinates": [-74.056134, 40.941133]}}, {"id": "103235413", "type": "Feature", "properties": {"street_count": 3}, "geometry": {"type": "Point", "coordinates": [-74.052365, 40.940466]}}, {"id": "103235445", "type": "Feature", "properties": {"street_count": 3}, "geometry": {"type": "Point", "coordinates": [-74.069071, 40.938166]}}, {"id": "103236047", "type": "Feature", "properties": {"street_count": 3}, "geometry": {"type": "Point", "coordinates": [-74.055673, 40.961185]}}, {"id": "103236052", "type": "Feature", "properties": {"street_count": 3}, "geometry": {"type": "Point", "coordinates": [-74.056195, 40.962961]}}, {"id": "103236501", "type": "Feature", "properties": {"street_count": 3}, "geometry": {"type": "Point", "coordinates": [-74.0689594, 40.919032]}}, {"id": "103236505", "type": "Feature", "properties": {"street_count": 3}, "geometry": {"type": "Point", "coordinates": [-74.0718703, 40.9124727]}}, {"id": "103236506", "type": "Feature", "properties": {"street_count": 3}, "geometry": {"type": "Point", "coordinates": [-74.0724365, 40.9113244]}}, {"id": "103237265", "type": "Feature", "properties": {"street_count": 3}, "geometry": {"type": "Point", "coordinates": [-74.0845317, 40.9584727]}}, {"id": "103237298", "type": "Feature", "properties": {"street_count": 4}, "geometry": {"type": "Point", "coordinates": [-74.0622459, 40.9624164]}}, {"id": "103237299", "type": "Feature", "properties": {"street_count": 4}, "geometry": {"type": "Point", "coordinates": [-74.059978, 40.9617735]}}, {"id": "103237300", "type": "Feature", "properties": {"street_count": 3}, "geometry": {"type": "Point", "coordinates": [-74.0590201, 40.9615342]}}, {"id": "103237302", "type": "Feature", "properties": {"street_count": 3}, "geometry": {"type": "Point", "coordinates": [-74.055858, 40.960759]}}, {"id": "103237306", "type": "Feature", "properties": {"street_count": 3}, "geometry": {"type": "Point", "coordinates": [-74.053241, 40.960002]}}, {"id": "103237579", "type": "Feature", "properties": {"street_count": 3}, "geometry": {"type": "Point", "coordinates": [-74.086098, 40.970557]}}, {"id": "103237582", "type": "Feature", "properties": {"street_count": 3}, "geometry": {"type": "Point", "coordinates": [-74.084846, 40.97263]}}, {"id": "103237913", "type": "Feature", "properties": {"street_count": 3}, "geometry": {"type": "Point", "coordinates": [-74.078345, 40.93042]}}, {"id": "103238109", "type": "Feature", "properties": {"street_count": 1}, "geometry": {"type": "Point", "coordinates": [-74.0748805, 40.9137833]}}, {"id": "103238139", "type": "Feature", "properties": {"street_count": 3}, "geometry": {"type": "Point", "coordinates": [-74.0857778, 40.9775839]}}, {"id": "103238686", "type": "Feature", "properties": {"street_count": 3}, "geometry": {"type": "Point", "coordinates": [-74.074977, 40.947504]}}, {"id": "103239260", "type": "Feature", "properties": {"street_count": 3}, "geometry": {"type": "Point", "coordinates": [-74.055909, 40.950125]}}, {"id": "103239262", "type": "Feature", "properties": {"street_count": 3}, "geometry": {"type": "Point", "coordinates": [-74.053828, 40.949563]}}, {"id": "103241556", "type": "Feature", "properties": {"street_count": 3}, "geometry": {"type": "Point", "coordinates": [-74.057818, 40.940409]}}, {"id": "103241564", "type": "Feature", "properties": {"street_count": 3}, "geometry": {"type": "Point", "coordinates": [-74.057172, 40.941417]}}, {"id": "103241568", "type": "Feature", "properties": {"street_count": 1}, "geometry": {"type": "Point", "coordinates": [-74.056404, 40.943312]}}, {"id": "103243309", "type": "Feature", "properties": {"street_count": 3}, "geometry": {"type": "Point", "coordinates": [-74.085732, 40.96624]}}, {"id": "103243539", "type": "Feature", "properties": {"street_count": 3}, "geometry": {"type": "Point", "coordinates": [-74.088235, 40.96743]}}, {"id": "103243687", "type": "Feature", "properties": {"street_count": 3}, "geometry": {"type": "Point", "coordinates": [-74.092012, 40.956804]}}, {"id": "103243791", "type": "Feature", "properties": {"street_count": 3}, "geometry": {"type": "Point", "coordinates": [-74.052524, 40.947859]}}, {"id": "103243792", "type": "Feature", "properties": {"street_count": 3}, "geometry": {"type": "Point", "coordinates": [-74.052246, 40.948711]}}, {"id": "103244378", "type": "Feature", "properties": {"street_count": 3}, "geometry": {"type": "Point", "coordinates": [-74.055335, 40.933066]}}, {"id": "103244390", "type": "Feature", "properties": {"street_count": 3}, "geometry": {"type": "Point", "coordinates": [-74.054827, 40.931865]}}, {"id": "103245583", "type": "Feature", "properties": {"street_count": 3}, "geometry": {"type": "Point", "coordinates": [-74.056163, 40.940321]}}, {"id": "103245592", "type": "Feature", "properties": {"street_count": 3}, "geometry": {"type": "Point", "coordinates": [-74.055739, 40.942122]}}, {"id": "103245600", "type": "Feature", "properties": {"street_count": 3}, "geometry": {"type": "Point", "coordinates": [-74.055121, 40.944442]}}, {"id": "103245602", "type": "Feature", "properties": {"street_count": 1}, "geometry": {"type": "Point", "coordinates": [-74.054769, 40.945312]}}, {"id": "103245659", "type": "Feature", "properties": {"street_count": 3}, "geometry": {"type": "Point", "coordinates": [-74.056936, 40.939547]}}, {"id": "103246066", "type": "Feature", "properties": {"street_count": 3}, "geometry": {"type": "Point", "coordinates": [-74.042728, 40.943036]}}, {"id": "103246368", "type": "Feature", "properties": {"street_count": 3}, "geometry": {"type": "Point", "coordinates": [-74.0637073, 40.9416165]}}, {"id": "103246375", "type": "Feature", "properties": {"street_count": 1}, "geometry": {"type": "Point", "coordinates": [-74.062795, 40.943999]}}, {"id": "103246409", "type": "Feature", "properties": {"street_count": 3}, "geometry": {"type": "Point", "coordinates": [-74.0900247, 40.9302169]}}, {"id": "103246457", "type": "Feature", "properties": {"street_count": 1}, "geometry": {"type": "Point", "coordinates": [-74.0698479, 40.9391221]}}, {"id": "103246458", "type": "Feature", "properties": {"street_count": 3}, "geometry": {"type": "Point", "coordinates": [-74.068757, 40.938822]}}, {"id": "103247160", "type": "Feature", "properties": {"street_count": 3}, "geometry": {"type": "Point", "coordinates": [-74.064106, 40.969278]}}, {"id": "103247178", "type": "Feature", "properties": {"street_count": 1}, "geometry": {"type": "Point", "coordinates": [-74.063293, 40.968775]}}, {"id": "103248054", "type": "Feature", "properties": {"street_count": 3}, "geometry": {"type": "Point", "coordinates": [-74.0565665, 40.9295603]}}, {"id": "103248880", "type": "Feature", "properties": {"street_count": 1}, "geometry": {"type": "Point", "coordinates": [-74.053285, 40.943868]}}, {"id": "103248884", "type": "Feature", "properties": {"street_count": 3}, "geometry": {"type": "Point", "coordinates": [-74.0511935, 40.9432798]}}, {"id": "103250544", "type": "Feature", "properties": {"street_count": 3}, "geometry": {"type": "Point", "coordinates": [-74.054846, 40.93184]}}, {"id": "103250564", "type": "Feature", "properties": {"street_count": 1}, "geometry": {"type": "Point", "coordinates": [-74.054317, 40.930688]}}, {"id": "103251668", "type": "Feature", "properties": {"street_count": 3}, "geometry": {"type": "Point", "coordinates": [-74.0609199, 40.9369658]}}, {"id": "103251733", "type": "Feature", "properties": {"street_count": 3}, "geometry": {"type": "Point", "coordinates": [-74.0741441, 40.9615546]}}, {"id": "103252085", "type": "Feature", "properties": {"street_count": 3}, "geometry": {"type": "Point", "coordinates": [-74.0668137, 40.9505495]}}, {"id": "103252095", "type": "Feature", "properties": {"street_count": 3}, "geometry": {"type": "Point", "coordinates": [-74.0666889, 40.953408]}}, {"id": "103252105", "type": "Feature", "properties": {"street_count": 3}, "geometry": {"type": "Point", "coordinates": [-74.0667534, 40.9594028]}}, {"id": "103252107", "type": "Feature", "properties": {"street_count": 3}, "geometry": {"type": "Point", "coordinates": [-74.0666324, 40.9601489]}}, {"id": "103252110", "type": "Feature", "properties": {"street_count": 3}, "geometry": {"type": "Point", "coordinates": [-74.0664893, 40.9612083]}}, {"id": "103252272", "type": "Feature", "properties": {"street_count": 3}, "geometry": {"type": "Point", "coordinates": [-74.0580106, 40.9272552]}}, {"id": "103252402", "type": "Feature", "properties": {"street_count": 1}, "geometry": {"type": "Point", "coordinates": [-74.050362, 40.943546]}}, {"id": "103252405", "type": "Feature", "properties": {"street_count": 3}, "geometry": {"type": "Point", "coordinates": [-74.049871, 40.944945]}}, {"id": "103252636", "type": "Feature", "properties": {"street_count": 3}, "geometry": {"type": "Point", "coordinates": [-74.075591, 40.955384]}}, {"id": "103253171", "type": "Feature", "properties": {"street_count": 3}, "geometry": {"type": "Point", "coordinates": [-74.070649, 40.967624]}}, {"id": "103253174", "type": "Feature", "properties": {"street_count": 1}, "geometry": {"type": "Point", "coordinates": [-74.068363, 40.967469]}}, {"id": "103253662", "type": "Feature", "properties": {"street_count": 1}, "geometry": {"type": "Point", "coordinates": [-74.053603, 40.963093]}}, {"id": "103253676", "type": "Feature", "properties": {"street_count": 3}, "geometry": {"type": "Point", "coordinates": [-74.053051, 40.96278]}}, {"id": "103253682", "type": "Feature", "properties": {"street_count": 3}, "geometry": {"type": "Point", "coordinates": [-74.052514, 40.962907]}}, {"id": "103254112", "type": "Feature", "properties": {"street_count": 3}, "geometry": {"type": "Point", "coordinates": [-74.051203, 40.944045]}}, {"id": "103254130", "type": "Feature", "properties": {"street_count": 1}, "geometry": {"type": "Point", "coordinates": [-74.052625, 40.944648]}}, {"id": "103254138", "type": "Feature", "properties": {"street_count": 1}, "geometry": {"type": "Point", "coordinates": [-74.0735678, 40.9468751]}}, {"id": "103254150", "type": "Feature", "properties": {"street_count": 3}, "geometry": {"type": "Point", "coordinates": [-74.074315, 40.947085]}}, {"id": "103254395", "type": "Feature", "properties": {"street_count": 3}, "geometry": {"type": "Point", "coordinates": [-74.0693854, 40.9375255]}}, {"id": "103254401", "type": "Feature", "properties": {"street_count": 3}, "geometry": {"type": "Point", "coordinates": [-74.068418, 40.939533]}}, {"id": "103254416", "type": "Feature", "properties": {"street_count": 3}, "geometry": {"type": "Point", "coordinates": [-74.066929, 40.94225]}}, {"id": "103254708", "type": "Feature", "properties": {"street_count": 3}, "geometry": {"type": "Point", "coordinates": [-74.055212, 40.951601]}}, {"id": "103254805", "type": "Feature", "properties": {"street_count": 3}, "geometry": {"type": "Point", "coordinates": [-74.060909, 40.965864]}}, {"id": "103255186", "type": "Feature", "properties": {"street_count": 3}, "geometry": {"type": "Point", "coordinates": [-74.054161, 40.948285]}}, {"id": "103255187", "type": "Feature", "properties": {"street_count": 1}, "geometry": {"type": "Point", "coordinates": [-74.054618, 40.948403]}}, {"id": "103255463", "type": "Feature", "properties": {"street_count": 3}, "geometry": {"type": "Point", "coordinates": [-74.087765, 40.971097]}}, {"id": "103255464", "type": "Feature", "properties": {"street_count": 4}, "geometry": {"type": "Point", "coordinates": [-74.086385, 40.973215]}}, {"id": "103255478", "type": "Feature", "properties": {"street_count": 1}, "geometry": {"type": "Point", "coordinates": [-74.087453, 40.9356374]}}, {"id": "103255966", "type": "Feature", "properties": {"street_count": 3}, "geometry": {"type": "Point", "coordinates": [-74.063996, 40.920135]}}, {"id": "103255968", "type": "Feature", "properties": {"street_count": 1}, "geometry": {"type": "Point", "coordinates": [-74.063565, 40.920545]}}, {"id": "103257457", "type": "Feature", "properties": {"street_count": 3}, "geometry": {"type": "Point", "coordinates": [-74.060107, 40.935118]}}, {"id": "103257486", "type": "Feature", "properties": {"street_count": 3}, "geometry": {"type": "Point", "coordinates": [-74.090464, 40.963474]}}, {"id": "103257790", "type": "Feature", "properties": {"street_count": 3}, "geometry": {"type": "Point", "coordinates": [-74.0410501, 40.9425991]}}, {"id": "103257792", "type": "Feature", "properties": {"street_count": 3}, "geometry": {"type": "Point", "coordinates": [-74.043595, 40.943265]}}, {"id": "103257798", "type": "Feature", "properties": {"street_count": 3}, "geometry": {"type": "Point", "coordinates": [-74.0455, 40.943766]}}, {"id": "103257800", "type": "Feature", "properties": {"street_count": 4}, "geometry": {"type": "Point", "coordinates": [-74.046432, 40.944012]}}, {"id": "103257801", "type": "Feature", "properties": {"street_count": 3}, "geometry": {"type": "Point", "coordinates": [-74.047328, 40.944255]}}, {"id": "103257803", "type": "Feature", "properties": {"street_count": 4}, "geometry": {"type": "Point", "coordinates": [-74.051195, 40.945328]}}, {"id": "103257810", "type": "Feature", "properties": {"street_count": 3}, "geometry": {"type": "Point", "coordinates": [-74.0575443, 40.9472725]}}, {"id": "103257877", "type": "Feature", "properties": {"street_count": 3}, "geometry": {"type": "Point", "coordinates": [-74.0728627, 40.9498921]}}, {"id": "103258071", "type": "Feature", "properties": {"street_count": 3}, "geometry": {"type": "Point", "coordinates": [-74.0911455, 40.9663557]}}, {"id": "103258314", "type": "Feature", "properties": {"street_count": 3}, "geometry": {"type": "Point", "coordinates": [-74.090863, 40.962252]}}, {"id": "103258567", "type": "Feature", "properties": {"street_count": 3}, "geometry": {"type": "Point", "coordinates": [-74.0828036, 40.9554898]}}, {"id": "103258569", "type": "Feature", "properties": {"street_count": 3}, "geometry": {"type": "Point", "coordinates": [-74.08598, 40.957287]}}, {"id": "103260458", "type": "Feature", "properties": {"street_count": 3}, "geometry": {"type": "Point", "coordinates": [-74.088429, 40.954685]}}, {"id": "103260719", "type": "Feature", "properties": {"street_count": 1}, "geometry": {"type": "Point", "coordinates": [-74.0541951, 40.9578468]}}, {"id": "103260721", "type": "Feature", "properties": {"street_count": 3}, "geometry": {"type": "Point", "coordinates": [-74.0540595, 40.9582747]}}, {"id": "103261490", "type": "Feature", "properties": {"street_count": 3}, "geometry": {"type": "Point", "coordinates": [-74.065369, 40.9414076]}}, {"id": "103261667", "type": "Feature", "properties": {"street_count": 1}, "geometry": {"type": "Point", "coordinates": [-74.0878684, 40.9693414]}}, {"id": "103261696", "type": "Feature", "properties": {"street_count": 4}, "geometry": {"type": "Point", "coordinates": [-74.0903361, 40.9680207]}}, {"id": "103262657", "type": "Feature", "properties": {"street_count": 1}, "geometry": {"type": "Point", "coordinates": [-74.0524413, 40.9561876]}}, {"id": "103263100", "type": "Feature", "properties": {"street_count": 1}, "geometry": {"type": "Point", "coordinates": [-74.0802779, 40.9573721]}}, {"id": "103263102", "type": "Feature", "properties": {"street_count": 3}, "geometry": {"type": "Point", "coordinates": [-74.0807862, 40.9574644]}}, {"id": "103263104", "type": "Feature", "properties": {"street_count": 3}, "geometry": {"type": "Point", "coordinates": [-74.081509, 40.9576307]}}, {"id": "103263338", "type": "Feature", "properties": {"street_count": 3}, "geometry": {"type": "Point", "coordinates": [-74.058532, 40.941639]}}, {"id": "103263340", "type": "Feature", "properties": {"street_count": 1}, "geometry": {"type": "Point", "coordinates": [-74.057813, 40.943131]}}, {"id": "103263647", "type": "Feature", "properties": {"street_count": 1}, "geometry": {"type": "Point", "coordinates": [-74.0704288, 40.9378072]}}, {"id": "103263649", "type": "Feature", "properties": {"street_count": 3}, "geometry": {"type": "Point", "coordinates": [-74.0674435, 40.9370088]}}, {"id": "103263651", "type": "Feature", "properties": {"street_count": 3}, "geometry": {"type": "Point", "coordinates": [-74.066156, 40.9366623]}}, {"id": "103263836", "type": "Feature", "properties": {"street_count": 1}, "geometry": {"type": "Point", "coordinates": [-74.0537226, 40.9564629]}}, {"id": "103264539", "type": "Feature", "properties": {"street_count": 1}, "geometry": {"type": "Point", "coordinates": [-74.0828412, 40.9515193]}}, {"id": "103265062", "type": "Feature", "properties": {"street_count": 4}, "geometry": {"type": "Point", "coordinates": [-74.085566, 40.972904]}}, {"id": "103265886", "type": "Feature", "properties": {"street_count": 1}, "geometry": {"type": "Point", "coordinates": [-74.051472, 40.964618]}}, {"id": "103265946", "type": "Feature", "properties": {"street_count": 3}, "geometry": {"type": "Point", "coordinates": [-74.055587, 40.950806]}}, {"id": "103267317", "type": "Feature", "properties": {"street_count": 1}, "geometry": {"type": "Point", "coordinates": [-74.0560709, 40.9183386]}}, {"id": "103268639", "type": "Feature", "properties": {"street_count": 3}, "geometry": {"type": "Point", "coordinates": [-74.0645662, 40.9352995]}}, {"id": "103268695", "type": "Feature", "properties": {"street_count": 3}, "geometry": {"type": "Point", "coordinates": [-74.064821, 40.935369]}}, {"id": "103268697", "type": "Feature", "properties": {"street_count": 1}, "geometry": {"type": "Point", "coordinates": [-74.064622, 40.935798]}}, {"id": "103269936", "type": "Feature", "properties": {"street_count": 1}, "geometry": {"type": "Point", "coordinates": [-74.095504, 40.9472299]}}, {"id": "103270202", "type": "Feature", "properties": {"street_count": 3}, "geometry": {"type": "Point", "coordinates": [-74.046051, 40.944874]}}, {"id": "103270213", "type": "Feature", "properties": {"street_count": 1}, "geometry": {"type": "Point", "coordinates": [-74.044116, 40.944631]}}, {"id": "103270975", "type": "Feature", "properties": {"street_count": 1}, "geometry": {"type": "Point", "coordinates": [-74.0491035, 40.9483195]}}, {"id": "103270979", "type": "Feature", "properties": {"street_count": 3}, "geometry": {"type": "Point", "coordinates": [-74.0486083, 40.9482234]}}, {"id": "103270990", "type": "Feature", "properties": {"street_count": 3}, "geometry": {"type": "Point", "coordinates": [-74.045902, 40.9479643]}}, {"id": "103270992", "type": "Feature", "properties": {"street_count": 3}, "geometry": {"type": "Point", "coordinates": [-74.0449026, 40.9477217]}}, {"id": "103271073", "type": "Feature", "properties": {"street_count": 3}, "geometry": {"type": "Point", "coordinates": [-74.052345, 40.938431]}}, {"id": "103271080", "type": "Feature", "properties": {"street_count": 3}, "geometry": {"type": "Point", "coordinates": [-74.052582, 40.939294]}}, {"id": "103271087", "type": "Feature", "properties": {"street_count": 3}, "geometry": {"type": "Point", "coordinates": [-74.052349, 40.941419]}}, {"id": "103271298", "type": "Feature", "properties": {"street_count": 1}, "geometry": {"type": "Point", "coordinates": [-74.069478, 40.9156515]}}, {"id": "103271306", "type": "Feature", "properties": {"street_count": 3}, "geometry": {"type": "Point", "coordinates": [-74.067883, 40.914434]}}, {"id": "103271759", "type": "Feature", "properties": {"street_count": 3}, "geometry": {"type": "Point", "coordinates": [-74.0729781, 40.9537915]}}, {"id": "103272198", "type": "Feature", "properties": {"street_count": 3}, "geometry": {"type": "Point", "coordinates": [-74.0676663, 40.9746869]}}, {"id": "103272214", "type": "Feature", "properties": {"street_count": 3}, "geometry": {"type": "Point", "coordinates": [-74.064932, 40.972195]}}, {"id": "103274703", "type": "Feature", "properties": {"street_count": 4}, "geometry": {"type": "Point", "coordinates": [-74.0512648, 40.9347638]}}, {"id": "103274709", "type": "Feature", "properties": {"street_count": 1}, "geometry": {"type": "Point", "coordinates": [-74.0501752, 40.9346763]}}, {"id": "103274742", "type": "Feature", "properties": {"street_count": 1}, "geometry": {"type": "Point", "coordinates": [-74.0558342, 40.925016]}}, {"id": "103275000", "type": "Feature", "properties": {"street_count": 1}, "geometry": {"type": "Point", "coordinates": [-74.0645764, 40.9501508]}}, {"id": "103275030", "type": "Feature", "properties": {"street_count": 3}, "geometry": {"type": "Point", "coordinates": [-74.062442, 40.948034]}}, {"id": "103275263", "type": "Feature", "properties": {"street_count": 3}, "geometry": {"type": "Point", "coordinates": [-74.062849, 40.930357]}}, {"id": "103275599", "type": "Feature", "properties": {"street_count": 3}, "geometry": {"type": "Point", "coordinates": [-74.048645, 40.939064]}}, {"id": "103275609", "type": "Feature", "properties": {"street_count": 1}, "geometry": {"type": "Point", "coordinates": [-74.050407, 40.939557]}}, {"id": "103277508", "type": "Feature", "properties": {"street_count": 1}, "geometry": {"type": "Point", "coordinates": [-74.073775, 40.933391]}}, {"id": "103277529", "type": "Feature", "properties": {"street_count": 1}, "geometry": {"type": "Point", "coordinates": [-74.0746223, 40.9467972]}}, {"id": "103278952", "type": "Feature", "properties": {"street_count": 1}, "geometry": {"type": "Point", "coordinates": [-74.088817, 40.9571817]}}, {"id": "103279580", "type": "Feature", "properties": {"street_count": 1}, "geometry": {"type": "Point", "coordinates": [-74.040396, 40.941638]}}, {"id": "103282135", "type": "Feature", "properties": {"street_count": 3}, "geometry": {"type": "Point", "coordinates": [-74.085493, 40.960304]}}, {"id": "103282315", "type": "Feature", "properties": {"street_count": 1}, "geometry": {"type": "Point", "coordinates": [-74.08423, 40.933765]}}, {"id": "103283265", "type": "Feature", "properties": {"street_count": 3}, "geometry": {"type": "Point", "coordinates": [-74.059548, 40.92315]}}, {"id": "103284088", "type": "Feature", "properties": {"street_count": 1}, "geometry": {"type": "Point", "coordinates": [-74.0703139, 40.9442344]}}, {"id": "103285474", "type": "Feature", "properties": {"street_count": 1}, "geometry": {"type": "Point", "coordinates": [-74.0640431, 40.9484854]}}, {"id": "103286077", "type": "Feature", "properties": {"street_count": 1}, "geometry": {"type": "Point", "coordinates": [-74.081295, 40.957957]}}, {"id": "103286085", "type": "Feature", "properties": {"street_count": 3}, "geometry": {"type": "Point", "coordinates": [-74.0813982, 40.9565847]}}, {"id": "103286250", "type": "Feature", "properties": {"street_count": 1}, "geometry": {"type": "Point", "coordinates": [-74.0743642, 40.968874]}}, {"id": "103286956", "type": "Feature", "properties": {"street_count": 1}, "geometry": {"type": "Point", "coordinates": [-74.088816, 40.936365]}}, {"id": "103286971", "type": "Feature", "properties": {"street_count": 1}, "geometry": {"type": "Point", "coordinates": [-74.091353, 40.977217]}}, {"id": "103286987", "type": "Feature", "properties": {"street_count": 1}, "geometry": {"type": "Point", "coordinates": [-74.091529, 40.978687]}}, {"id": "103289255", "type": "Feature", "properties": {"street_count": 3}, "geometry": {"type": "Point", "coordinates": [-74.051174, 40.948581]}}, {"id": "103289289", "type": "Feature", "properties": {"street_count": 4}, "geometry": {"type": "Point", "coordinates": [-74.052275, 40.95071]}}, {"id": "103289304", "type": "Feature", "properties": {"street_count": 3}, "geometry": {"type": "Point", "coordinates": [-74.05479, 40.952494]}}, {"id": "103289867", "type": "Feature", "properties": {"street_count": 1}, "geometry": {"type": "Point", "coordinates": [-74.0608193, 40.9543291]}}, {"id": "103290003", "type": "Feature", "properties": {"street_count": 3}, "geometry": {"type": "Point", "coordinates": [-74.051629, 40.924539]}}, {"id": "103290007", "type": "Feature", "properties": {"street_count": 3}, "geometry": {"type": "Point", "coordinates": [-74.051456, 40.925432]}}, {"id": "103290023", "type": "Feature", "properties": {"street_count": 3}, "geometry": {"type": "Point", "coordinates": [-74.051226, 40.940779]}}, {"id": "103290031", "type": "Feature", "properties": {"street_count": 3}, "geometry": {"type": "Point", "coordinates": [-74.051166, 40.950706]}}, {"id": "103290047", "type": "Feature", "properties": {"street_count": 3}, "geometry": {"type": "Point", "coordinates": [-74.049552, 40.963659]}}, {"id": "103290051", "type": "Feature", "properties": {"street_count": 4}, "geometry": {"type": "Point", "coordinates": [-74.0489874, 40.9653099]}}, {"id": "103290410", "type": "Feature", "properties": {"street_count": 1}, "geometry": {"type": "Point", "coordinates": [-74.047085, 40.944825]}}, {"id": "103290552", "type": "Feature", "properties": {"street_count": 3}, "geometry": {"type": "Point", "coordinates": [-74.0837009, 40.9697994]}}, {"id": "103290554", "type": "Feature", "properties": {"street_count": 1}, "geometry": {"type": "Point", "coordinates": [-74.082845, 40.971095]}}, {"id": "103290674", "type": "Feature", "properties": {"street_count": 3}, "geometry": {"type": "Point", "coordinates": [-74.050656, 40.935595]}}, {"id": "103290675", "type": "Feature", "properties": {"street_count": 1}, "geometry": {"type": "Point", "coordinates": [-74.0499175, 40.9354302]}}, {"id": "103291933", "type": "Feature", "properties": {"street_count": 1}, "geometry": {"type": "Point", "coordinates": [-74.055369, 40.949057]}}, {"id": "103292254", "type": "Feature", "properties": {"street_count": 3}, "geometry": {"type": "Point", "coordinates": [-74.062681, 40.969945]}}, {"id": "103293431", "type": "Feature", "properties": {"street_count": 1}, "geometry": {"type": "Point", "coordinates": [-74.040308, 40.944113]}}, {"id": "103293437", "type": "Feature", "properties": {"street_count": 1}, "geometry": {"type": "Point", "coordinates": [-74.042115, 40.93991]}}, {"id": "103293468", "type": "Feature", "properties": {"street_count": 1}, "geometry": {"type": "Point", "coordinates": [-74.052032, 40.965272]}}, {"id": "103293581", "type": "Feature", "properties": {"street_count": 3}, "geometry": {"type": "Point", "coordinates": [-74.0525052, 40.9348387]}}, {"id": "103293864", "type": "Feature", "properties": {"street_count": 1}, "geometry": {"type": "Point", "coordinates": [-74.086766, 40.978991]}}, {"id": "103293961", "type": "Feature", "properties": {"street_count": 1}, "geometry": {"type": "Point", "coordinates": [-74.0528242, 40.9242927]}}, {"id": "103294517", "type": "Feature", "properties": {"street_count": 1}, "geometry": {"type": "Point", "coordinates": [-74.0632408, 40.9237257]}}, {"id": "103294667", "type": "Feature", "properties": {"street_count": 4}, "geometry": {"type": "Point", "coordinates": [-74.0617894, 40.9188431]}}, {"id": "103294680", "type": "Feature", "properties": {"street_count": 3}, "geometry": {"type": "Point", "coordinates": [-74.059445, 40.923466]}}, {"id": "103294682", "type": "Feature", "properties": {"street_count": 3}, "geometry": {"type": "Point", "coordinates": [-74.0592822, 40.9240152]}}, {"id": "103294690", "type": "Feature", "properties": {"street_count": 3}, "geometry": {"type": "Point", "coordinates": [-74.0582518, 40.9268174]}}, {"id": "103294714", "type": "Feature", "properties": {"street_count": 3}, "geometry": {"type": "Point", "coordinates": [-74.048711, 40.938914]}}, {"id": "103294993", "type": "Feature", "properties": {"street_count": 3}, "geometry": {"type": "Point", "coordinates": [-74.077437, 40.974992]}}, {"id": "103295453", "type": "Feature", "properties": {"street_count": 3}, "geometry": {"type": "Point", "coordinates": [-74.059143, 40.969579]}}, {"id": "103295474", "type": "Feature", "properties": {"street_count": 3}, "geometry": {"type": "Point", "coordinates": [-74.062505, 40.969817]}}, {"id": "103295682", "type": "Feature", "properties": {"street_count": 1}, "geometry": {"type": "Point", "coordinates": [-74.080264, 40.978236]}}, {"id": "103297702", "type": "Feature", "properties": {"street_count": 1}, "geometry": {"type": "Point", "coordinates": [-74.0642867, 40.9217237]}}, {"id": "103297705", "type": "Feature", "properties": {"street_count": 1}, "geometry": {"type": "Point", "coordinates": [-74.0653029, 40.9250646]}}, {"id": "103297721", "type": "Feature", "properties": {"street_count": 3}, "geometry": {"type": "Point", "coordinates": [-74.064405, 40.921795]}}, {"id": "103298760", "type": "Feature", "properties": {"street_count": 1}, "geometry": {"type": "Point", "coordinates": [-74.047046, 40.937717]}}, {"id": "103298790", "type": "Feature", "properties": {"street_count": 3}, "geometry": {"type": "Point", "coordinates": [-74.086936, 40.970828]}}, {"id": "103299302", "type": "Feature", "properties": {"street_count": 1}, "geometry": {"type": "Point", "coordinates": [-74.0543799, 40.921016]}}, {"id": "103300018", "type": "Feature", "properties": {"street_count": 3}, "geometry": {"type": "Point", "coordinates": [-74.060077, 40.965778]}}, {"id": "103300044", "type": "Feature", "properties": {"street_count": 3}, "geometry": {"type": "Point", "coordinates": [-74.0672677, 40.9743709]}}, {"id": "103300981", "type": "Feature", "properties": {"street_count": 1}, "geometry": {"type": "Point", "coordinates": [-74.045625, 40.937728]}}, {"id": "103301500", "type": "Feature", "properties": {"street_count": 3}, "geometry": {"type": "Point", "coordinates": [-74.057617, 40.931511]}}, {"id": "103301545", "type": "Feature", "properties": {"street_count": 3}, "geometry": {"type": "Point", "coordinates": [-74.0758574, 40.9766828]}}, {"id": "103302890", "type": "Feature", "properties": {"street_count": 1}, "geometry": {"type": "Point", "coordinates": [-74.0545392, 40.9584013]}}, {"id": "103302898", "type": "Feature", "properties": {"street_count": 3}, "geometry": {"type": "Point", "coordinates": [-74.052821, 40.958674]}}, {"id": "103303145", "type": "Feature", "properties": {"street_count": 3}, "geometry": {"type": "Point", "coordinates": [-74.081978, 40.953944]}}, {"id": "103303213", "type": "Feature", "properties": {"street_count": 1}, "geometry": {"type": "Point", "coordinates": [-74.045663, 40.950641]}}, {"id": "103304343", "type": "Feature", "properties": {"street_count": 3}, "geometry": {"type": "Point", "coordinates": [-74.075524, 40.974581]}}, {"id": "103305061", "type": "Feature", "properties": {"street_count": 1}, "geometry": {"type": "Point", "coordinates": [-74.0552613, 40.9594906]}}, {"id": "103305077", "type": "Feature", "properties": {"street_count": 3}, "geometry": {"type": "Point", "coordinates": [-74.053748, 40.958937]}}, {"id": "103305084", "type": "Feature", "properties": {"street_count": 1}, "geometry": {"type": "Point", "coordinates": [-74.0520431, 40.9586843]}}, {"id": "103305851", "type": "Feature", "properties": {"street_count": 1}, "geometry": {"type": "Point", "coordinates": [-74.0736377, 40.9477496]}}, {"id": "103305923", "type": "Feature", "properties": {"street_count": 3}, "geometry": {"type": "Point", "coordinates": [-74.057608, 40.939877]}}, {"id": "103307462", "type": "Feature", "properties": {"street_count": 1}, "geometry": {"type": "Point", "coordinates": [-74.049618, 40.940412]}}, {"id": "103307679", "type": "Feature", "properties": {"street_count": 1}, "geometry": {"type": "Point", "coordinates": [-74.0897881, 40.9290976]}}, {"id": "103307683", "type": "Feature", "properties": {"street_count": 3}, "geometry": {"type": "Point", "coordinates": [-74.0892878, 40.9299639]}}, {"id": "103307687", "type": "Feature", "properties": {"street_count": 1}, "geometry": {"type": "Point", "coordinates": [-74.0888254, 40.9306904]}}, {"id": "103308268", "type": "Feature", "properties": {"street_count": 1}, "geometry": {"type": "Point", "coordinates": [-74.061852, 40.933756]}}, {"id": "103309886", "type": "Feature", "properties": {"street_count": 1}, "geometry": {"type": "Point", "coordinates": [-74.0622, 40.922723]}}, {"id": "103312343", "type": "Feature", "properties": {"street_count": 1}, "geometry": {"type": "Point", "coordinates": [-74.073882, 40.974091]}}, {"id": "103312351", "type": "Feature", "properties": {"street_count": 3}, "geometry": {"type": "Point", "coordinates": [-74.0763241, 40.9747502]}}, {"id": "103312353", "type": "Feature", "properties": {"street_count": 3}, "geometry": {"type": "Point", "coordinates": [-74.079213, 40.975331]}}, {"id": "103312378", "type": "Feature", "properties": {"street_count": 3}, "geometry": {"type": "Point", "coordinates": [-74.080735, 40.977162]}}, {"id": "103312752", "type": "Feature", "properties": {"street_count": 1}, "geometry": {"type": "Point", "coordinates": [-74.044654, 40.943106]}}, {"id": "103313429", "type": "Feature", "properties": {"street_count": 1}, "geometry": {"type": "Point", "coordinates": [-74.056286, 40.922633]}}, {"id": "103314529", "type": "Feature", "properties": {"street_count": 1}, "geometry": {"type": "Point", "coordinates": [-74.0543606, 40.9277079]}}, {"id": "103316922", "type": "Feature", "properties": {"street_count": 1}, "geometry": {"type": "Point", "coordinates": [-74.0624, 40.966321]}}, {"id": "103317589", "type": "Feature", "properties": {"street_count": 1}, "geometry": {"type": "Point", "coordinates": [-74.0900116, 40.9690779]}}, {"id": "103317848", "type": "Feature", "properties": {"street_count": 1}, "geometry": {"type": "Point", "coordinates": [-74.0760753, 40.9292704]}}, {"id": "103317855", "type": "Feature", "properties": {"street_count": 1}, "geometry": {"type": "Point", "coordinates": [-74.0802872, 40.931726]}}, {"id": "103318033", "type": "Feature", "properties": {"street_count": 1}, "geometry": {"type": "Point", "coordinates": [-74.075629, 40.955748]}}, {"id": "103318314", "type": "Feature", "properties": {"street_count": 1}, "geometry": {"type": "Point", "coordinates": [-74.0800776, 40.9774022]}}, {"id": "103319373", "type": "Feature", "properties": {"street_count": 1}, "geometry": {"type": "Point", "coordinates": [-74.0674956, 40.9151419]}}, {"id": "103319838", "type": "Feature", "properties": {"street_count": 1}, "geometry": {"type": "Point", "coordinates": [-74.0645352, 40.9204617]}}, {"id": "103320723", "type": "Feature", "properties": {"street_count": 1}, "geometry": {"type": "Point", "coordinates": [-74.0795125, 40.9775281]}}, {"id": "103321274", "type": "Feature", "properties": {"street_count": 1}, "geometry": {"type": "Point", "coordinates": [-74.07097, 40.9215658]}}, {"id": "103321914", "type": "Feature", "properties": {"street_count": 1}, "geometry": {"type": "Point", "coordinates": [-74.0650183, 40.9464706]}}, {"id": "103322335", "type": "Feature", "properties": {"street_count": 1}, "geometry": {"type": "Point", "coordinates": [-74.060436, 40.938308]}}, {"id": "103322469", "type": "Feature", "properties": {"street_count": 1}, "geometry": {"type": "Point", "coordinates": [-74.0642304, 40.9449391]}}, {"id": "206626956", "type": "Feature", "properties": {"street_count": 3}, "geometry": {"type": "Point", "coordinates": [-74.0682165, 40.9196961]}}, {"id": "206626959", "type": "Feature", "properties": {"street_count": 3}, "geometry": {"type": "Point", "coordinates": [-74.0696836, 40.9200791]}}, {"id": "206628202", "type": "Feature", "properties": {"street_count": 3}, "geometry": {"type": "Point", "coordinates": [-74.0719698, 40.923631]}}, {"id": "206628751", "type": "Feature", "properties": {"street_count": 1}, "geometry": {"type": "Point", "coordinates": [-74.071419, 40.9226175]}}, {"id": "206629128", "type": "Feature", "properties": {"street_count": 1}, "geometry": {"type": "Point", "coordinates": [-74.0712393, 40.923262]}}, {"id": "206638188", "type": "Feature", "properties": {"street_count": 3}, "geometry": {"type": "Point", "coordinates": [-74.0722972, 40.9211174]}}, {"id": "206642725", "type": "Feature", "properties": {"street_count": 3}, "geometry": {"type": "Point", "coordinates": [-74.0664298, 40.9193947]}}, {"id": "206643619", "type": "Feature", "properties": {"street_count": 3}, "geometry": {"type": "Point", "coordinates": [-74.0719391, 40.9208938]}}, {"id": "206643620", "type": "Feature", "properties": {"street_count": 3}, "geometry": {"type": "Point", "coordinates": [-74.0727324, 40.9211415]}}, {"id": "206643624", "type": "Feature", "properties": {"street_count": 3}, "geometry": {"type": "Point", "coordinates": [-74.074966, 40.9217032]}}, {"id": "206643627", "type": "Feature", "properties": {"street_count": 3}, "geometry": {"type": "Point", "coordinates": [-74.0771629, 40.9221937]}}, {"id": "206655810", "type": "Feature", "properties": {"street_count": 3}, "geometry": {"type": "Point", "coordinates": [-74.0795461, 40.9224271]}}, {"id": "206655811", "type": "Feature", "properties": {"street_count": 3}, "geometry": {"type": "Point", "coordinates": [-74.0784853, 40.922159]}}, {"id": "206655816", "type": "Feature", "properties": {"street_count": 3}, "geometry": {"type": "Point", "coordinates": [-74.0742407, 40.9210995]}}, {"id": "206655817", "type": "Feature", "properties": {"street_count": 3}, "geometry": {"type": "Point", "coordinates": [-74.0722572, 40.9206117]}}, {"id": "290870762", "type": "Feature", "properties": {"street_count": 3}, "geometry": {"type": "Point", "coordinates": [-74.0804647, 40.922956]}}, {"id": "290871069", "type": "Feature", "properties": {"street_count": 2}, "geometry": {"type": "Point", "coordinates": [-74.0783483, 40.9158458]}}, {"id": "290871072", "type": "Feature", "properties": {"street_count": 3}, "geometry": {"type": "Point", "coordinates": [-74.0779074, 40.9154085]}}, {"id": "290871106", "type": "Feature", "properties": {"street_count": 3}, "geometry": {"type": "Point", "coordinates": [-74.0814691, 40.9190159]}}, {"id": "290871145", "type": "Feature", "properties": {"street_count": 1}, "geometry": {"type": "Point", "coordinates": [-74.0813378, 40.9182432]}}, {"id": "290871158", "type": "Feature", "properties": {"street_count": 3}, "geometry": {"type": "Point", "coordinates": [-74.0830604, 40.9181547]}}, {"id": "290871278", "type": "Feature", "properties": {"street_count": 3}, "geometry": {"type": "Point", "coordinates": [-74.0750666, 40.9142136]}}, {"id": "290871315", "type": "Feature", "properties": {"street_count": 3}, "geometry": {"type": "Point", "coordinates": [-74.0737064, 40.9166101]}}, {"id": "290871330", "type": "Feature", "properties": {"street_count": 3}, "geometry": {"type": "Point", "coordinates": [-74.0777702, 40.9201596]}}, {"id": "290871357", "type": "Feature", "properties": {"street_count": 2}, "geometry": {"type": "Point", "coordinates": [-74.0753905, 40.9143146]}}, {"id": "290871462", "type": "Feature", "properties": {"street_count": 3}, "geometry": {"type": "Point", "coordinates": [-74.0783498, 40.9206376]}}, {"id": "290871464", "type": "Feature", "properties": {"street_count": 3}, "geometry": {"type": "Point", "coordinates": [-74.0782621, 40.920819]}}, {"id": "290871467", "type": "Feature", "properties": {"street_count": 3}, "geometry": {"type": "Point", "coordinates": [-74.0781824, 40.9212131]}}, {"id": "290871504", "type": "Feature", "properties": {"street_count": 4}, "geometry": {"type": "Point", "coordinates": [-74.0771036, 40.9234033]}}, {"id": "298262601", "type": "Feature", "properties": {"street_count": 3}, "geometry": {"type": "Point", "coordinates": [-74.0710108, 40.9372471]}}, {"id": "298264264", "type": "Feature", "properties": {"street_count": 1}, "geometry": {"type": "Point", "coordinates": [-74.068072, 40.9428213]}}, {"id": "298919799", "type": "Feature", "properties": {"street_count": 3}, "geometry": {"type": "Point", "coordinates": [-74.0529865, 40.9157261]}}, {"id": "298919800", "type": "Feature", "properties": {"street_count": 3}, "geometry": {"type": "Point", "coordinates": [-74.0540916, 40.9160313]}}, {"id": "298920117", "type": "Feature", "properties": {"street_count": 3}, "geometry": {"type": "Point", "coordinates": [-74.0549285, 40.9162643]}}, {"id": "298920121", "type": "Feature", "properties": {"street_count": 3}, "geometry": {"type": "Point", "coordinates": [-74.062967, 40.9184401]}}, {"id": "298920199", "type": "Feature", "properties": {"street_count": 3}, "geometry": {"type": "Point", "coordinates": [-74.0616394, 40.9180862]}}, {"id": "299199192", "type": "Feature", "properties": {"street_count": 3}, "geometry": {"type": "Point", "coordinates": [-74.070534, 40.9283655]}}, {"id": "299199493", "type": "Feature", "properties": {"street_count": 3}, "geometry": {"type": "Point", "coordinates": [-74.0703559, 40.9285045]}}, {"id": "299877452", "type": "Feature", "properties": {"street_count": 3}, "geometry": {"type": "Point", "coordinates": [-74.0720559, 40.9484345]}}, {"id": "299883243", "type": "Feature", "properties": {"street_count": 3}, "geometry": {"type": "Point", "coordinates": [-74.0729365, 40.9507423]}}, {"id": "299883265", "type": "Feature", "properties": {"street_count": 3}, "geometry": {"type": "Point", "coordinates": [-74.0708789, 40.9493977]}}, {"id": "299883281", "type": "Feature", "properties": {"street_count": 3}, "geometry": {"type": "Point", "coordinates": [-74.0749657, 40.9590375]}}, {"id": "299883300", "type": "Feature", "properties": {"street_count": 3}, "geometry": {"type": "Point", "coordinates": [-74.0756287, 40.9606643]}}, {"id": "300785863", "type": "Feature", "properties": {"street_count": 3}, "geometry": {"type": "Point", "coordinates": [-74.0829873, 40.9214111]}}, {"id": "301112073", "type": "Feature", "properties": {"street_count": 3}, "geometry": {"type": "Point", "coordinates": [-74.0718684, 40.9292305]}}, {"id": "301112086", "type": "Feature", "properties": {"street_count": 3}, "geometry": {"type": "Point", "coordinates": [-74.0694375, 40.9285096]}}, {"id": "301113608", "type": "Feature", "properties": {"street_count": 3}, "geometry": {"type": "Point", "coordinates": [-74.0775412, 40.9210656]}}, {"id": "301113625", "type": "Feature", "properties": {"street_count": 3}, "geometry": {"type": "Point", "coordinates": [-74.0761209, 40.9215717]}}, {"id": "301113634", "type": "Feature", "properties": {"street_count": 3}, "geometry": {"type": "Point", "coordinates": [-74.0777879, 40.9219908]}}, {"id": "301113698", "type": "Feature", "properties": {"street_count": 3}, "geometry": {"type": "Point", "coordinates": [-74.0788679, 40.9225662]}}, {"id": "301113700", "type": "Feature", "properties": {"street_count": 3}, "geometry": {"type": "Point", "coordinates": [-74.0764208, 40.9237042]}}, {"id": "301113727", "type": "Feature", "properties": {"street_count": 3}, "geometry": {"type": "Point", "coordinates": [-74.0720206, 40.9282288]}}, {"id": "301131041", "type": "Feature", "properties": {"street_count": 3}, "geometry": {"type": "Point", "coordinates": [-74.0650799, 40.9626237]}}, {"id": "301131043", "type": "Feature", "properties": {"street_count": 3}, "geometry": {"type": "Point", "coordinates": [-74.0644672, 40.9660419]}}, {"id": "301131055", "type": "Feature", "properties": {"street_count": 3}, "geometry": {"type": "Point", "coordinates": [-74.064049, 40.9654442]}}, {"id": "301131107", "type": "Feature", "properties": {"street_count": 3}, "geometry": {"type": "Point", "coordinates": [-74.0657076, 40.9664996]}}, {"id": "301131113", "type": "Feature", "properties": {"street_count": 3}, "geometry": {"type": "Point", "coordinates": [-74.06572, 40.9637124]}}, {"id": "301131505", "type": "Feature", "properties": {"street_count": 3}, "geometry": {"type": "Point", "coordinates": [-74.0664376, 40.9588147]}}, {"id": "301131510", "type": "Feature", "properties": {"street_count": 3}, "geometry": {"type": "Point", "coordinates": [-74.0661902, 40.9549599]}}, {"id": "301131517", "type": "Feature", "properties": {"street_count": 3}, "geometry": {"type": "Point", "coordinates": [-74.0667786, 40.9589919]}}, {"id": "301273459", "type": "Feature", "properties": {"street_count": 3}, "geometry": {"type": "Point", "coordinates": [-74.0711191, 40.9119828]}}, {"id": "440075829", "type": "Feature", "properties": {"street_count": 3}, "geometry": {"type": "Point", "coordinates": [-74.0810055, 40.9789084]}}, {"id": "440076426", "type": "Feature", "properties": {"street_count": 3}, "geometry": {"type": "Point", "coordinates": [-74.0798826, 40.9787225]}}, {"id": "440076455", "type": "Feature", "properties": {"street_count": 3}, "geometry": {"type": "Point", "coordinates": [-74.0802573, 40.9787844]}}, {"id": "440213440", "type": "Feature", "properties": {"street_count": 3}, "geometry": {"type": "Point", "coordinates": [-74.048136, 40.967337]}}, {"id": "440213448", "type": "Feature", "properties": {"street_count": 3}, "geometry": {"type": "Point", "coordinates": [-74.0451911, 40.9469724]}}, {"id": "440213449", "type": "Feature", "properties": {"street_count": 3}, "geometry": {"type": "Point", "coordinates": [-74.0454756, 40.9462713]}}, {"id": "440213451", "type": "Feature", "properties": {"street_count": 3}, "geometry": {"type": "Point", "coordinates": [-74.045806, 40.945426]}}, {"id": "440213452", "type": "Feature", "properties": {"street_count": 3}, "geometry": {"type": "Point", "coordinates": [-74.0449365, 40.9476421]}}, {"id": "440213464", "type": "Feature", "properties": {"street_count": 4}, "geometry": {"type": "Point", "coordinates": [-74.0507499, 40.9592701]}}, {"id": "440213470", "type": "Feature", "properties": {"street_count": 3}, "geometry": {"type": "Point", "coordinates": [-74.0443562, 40.94902]}}, {"id": "440213479", "type": "Feature", "properties": {"street_count": 3}, "geometry": {"type": "Point", "coordinates": [-74.050014, 40.961049]}}, {"id": "440213480", "type": "Feature", "properties": {"street_count": 3}, "geometry": {"type": "Point", "coordinates": [-74.049843, 40.962273]}}, {"id": "440213485", "type": "Feature", "properties": {"street_count": 1}, "geometry": {"type": "Point", "coordinates": [-74.041167, 40.944332]}}, {"id": "452365325", "type": "Feature", "properties": {"street_count": 3}, "geometry": {"type": "Point", "coordinates": [-74.0760418, 40.9616721]}}, {"id": "452365752", "type": "Feature", "properties": {"street_count": 3}, "geometry": {"type": "Point", "coordinates": [-74.0798904, 40.9700963]}}, {"id": "452366287", "type": "Feature", "properties": {"street_count": 3}, "geometry": {"type": "Point", "coordinates": [-74.0787546, 40.9683608]}}, {"id": "540590980", "type": "Feature", "properties": {"street_count": 1}, "geometry": {"type": "Point", "coordinates": [-74.072187, 40.9138581]}}, {"id": "540595160", "type": "Feature", "properties": {"street_count": 3}, "geometry": {"type": "Point", "coordinates": [-74.070904, 40.9242733]}}, {"id": "540595299", "type": "Feature", "properties": {"street_count": 1}, "geometry": {"type": "Point", "coordinates": [-74.06952, 40.9234241]}}, {"id": "541006970", "type": "Feature", "properties": {"street_count": 3}, "geometry": {"type": "Point", "coordinates": [-74.0875626, 40.9253449]}}, {"id": "541006976", "type": "Feature", "properties": {"street_count": 3}, "geometry": {"type": "Point", "coordinates": [-74.0897236, 40.925907]}}, {"id": "541006977", "type": "Feature", "properties": {"street_count": 3}, "geometry": {"type": "Point", "coordinates": [-74.0909469, 40.9261023]}}, {"id": "541014580", "type": "Feature", "properties": {"street_count": 3}, "geometry": {"type": "Point", "coordinates": [-74.0825748, 40.9234351]}}, {"id": "541015000", "type": "Feature", "properties": {"street_count": 3}, "geometry": {"type": "Point", "coordinates": [-74.0833977, 40.9237024]}}, {"id": "541015005", "type": "Feature", "properties": {"street_count": 3}, "geometry": {"type": "Point", "coordinates": [-74.0891828, 40.9256605]}}, {"id": "541015010", "type": "Feature", "properties": {"street_count": 3}, "geometry": {"type": "Point", "coordinates": [-74.0865478, 40.924824]}}, {"id": "541015011", "type": "Feature", "properties": {"street_count": 3}, "geometry": {"type": "Point", "coordinates": [-74.081428, 40.9230291]}}, {"id": "541015303", "type": "Feature", "properties": {"street_count": 1}, "geometry": {"type": "Point", "coordinates": [-74.0819881, 40.9207951]}}, {"id": "541015817", "type": "Feature", "properties": {"street_count": 3}, "geometry": {"type": "Point", "coordinates": [-74.0813097, 40.9231451]}}, {"id": "541016155", "type": "Feature", "properties": {"street_count": 3}, "geometry": {"type": "Point", "coordinates": [-74.0893169, 40.9254]}}, {"id": "541021373", "type": "Feature", "properties": {"street_count": 3}, "geometry": {"type": "Point", "coordinates": [-74.0902602, 40.9273134]}}, {"id": "541036124", "type": "Feature", "properties": {"street_count": 3}, "geometry": {"type": "Point", "coordinates": [-74.0874516, 40.9228584]}}, {"id": "541037614", "type": "Feature", "properties": {"street_count": 3}, "geometry": {"type": "Point", "coordinates": [-74.0865278, 40.921848]}}, {"id": "541037619", "type": "Feature", "properties": {"street_count": 3}, "geometry": {"type": "Point", "coordinates": [-74.0863293, 40.9215075]}}, {"id": "541037650", "type": "Feature", "properties": {"street_count": 4}, "geometry": {"type": "Point", "coordinates": [-74.0858921, 40.9206036]}}, {"id": "541201259", "type": "Feature", "properties": {"street_count": 3}, "geometry": {"type": "Point", "coordinates": [-74.0933163, 40.9527217]}}, {"id": "541201261", "type": "Feature", "properties": {"street_count": 2}, "geometry": {"type": "Point", "coordinates": [-74.0931551, 40.9526132]}}, {"id": "541201262", "type": "Feature", "properties": {"street_count": 2}, "geometry": {"type": "Point", "coordinates": [-74.0931287, 40.9525539]}}, {"id": "541201266", "type": "Feature", "properties": {"street_count": 3}, "geometry": {"type": "Point", "coordinates": [-74.0929594, 40.9513474]}}, {"id": "541201275", "type": "Feature", "properties": {"street_count": 3}, "geometry": {"type": "Point", "coordinates": [-74.0920065, 40.9500476]}}, {"id": "541201373", "type": "Feature", "properties": {"street_count": 3}, "geometry": {"type": "Point", "coordinates": [-74.093895, 40.9506944]}}, {"id": "541201580", "type": "Feature", "properties": {"street_count": 3}, "geometry": {"type": "Point", "coordinates": [-74.092454, 40.9524897]}}, {"id": "541201857", "type": "Feature", "properties": {"street_count": 3}, "geometry": {"type": "Point", "coordinates": [-74.0929176, 40.9530166]}}, {"id": "541203250", "type": "Feature", "properties": {"street_count": 3}, "geometry": {"type": "Point", "coordinates": [-74.0807471, 40.949831]}}, {"id": "541209319", "type": "Feature", "properties": {"street_count": 1}, "geometry": {"type": "Point", "coordinates": [-74.0986066, 40.9465342]}}, {"id": "560476518", "type": "Feature", "properties": {"street_count": 3}, "geometry": {"type": "Point", "coordinates": [-74.0666872, 40.9533193]}}, {"id": "560476554", "type": "Feature", "properties": {"street_count": 3}, "geometry": {"type": "Point", "coordinates": [-74.0665382, 40.9608634]}}, {"id": "560478496", "type": "Feature", "properties": {"street_count": 3}, "geometry": {"type": "Point", "coordinates": [-74.0704425, 40.9594756]}}, {"id": "560478500", "type": "Feature", "properties": {"street_count": 3}, "geometry": {"type": "Point", "coordinates": [-74.0720183, 40.9596182]}}, {"id": "560478638", "type": "Feature", "properties": {"street_count": 3}, "geometry": {"type": "Point", "coordinates": [-74.0669166, 40.9611172]}}, {"id": "560478847", "type": "Feature", "properties": {"street_count": 3}, "geometry": {"type": "Point", "coordinates": [-74.0676681, 40.9596333]}}, {"id": "560478866", "type": "Feature", "properties": {"street_count": 3}, "geometry": {"type": "Point", "coordinates": [-74.069682, 40.9541116]}}, {"id": "560478871", "type": "Feature", "properties": {"street_count": 3}, "geometry": {"type": "Point", "coordinates": [-74.067749, 40.9533893]}}, {"id": "560478888", "type": "Feature", "properties": {"street_count": 3}, "geometry": {"type": "Point", "coordinates": [-74.0723436, 40.9536909]}}, {"id": "560482807", "type": "Feature", "properties": {"street_count": 3}, "geometry": {"type": "Point", "coordinates": [-74.0633611, 40.918406]}}, {"id": "560482808", "type": "Feature", "properties": {"street_count": 3}, "geometry": {"type": "Point", "coordinates": [-74.0617044, 40.9179942]}}, {"id": "560482813", "type": "Feature", "properties": {"street_count": 3}, "geometry": {"type": "Point", "coordinates": [-74.0529356, 40.9156015]}}, {"id": "560484563", "type": "Feature", "properties": {"street_count": 4}, "geometry": {"type": "Point", "coordinates": [-74.0627194, 40.9174456]}}, {"id": "560522578", "type": "Feature", "properties": {"street_count": 3}, "geometry": {"type": "Point", "coordinates": [-74.0737225, 40.9165246]}}, {"id": "560522776", "type": "Feature", "properties": {"street_count": 3}, "geometry": {"type": "Point", "coordinates": [-74.0734359, 40.9164913]}}, {"id": "571389124", "type": "Feature", "properties": {"street_count": 1}, "geometry": {"type": "Point", "coordinates": [-74.0790357, 40.9734093]}}, {"id": "571393370", "type": "Feature", "properties": {"street_count": 3}, "geometry": {"type": "Point", "coordinates": [-74.0705981, 40.9303579]}}, {"id": "571393386", "type": "Feature", "properties": {"street_count": 3}, "geometry": {"type": "Point", "coordinates": [-74.0707019, 40.9284149]}}, {"id": "571393387", "type": "Feature", "properties": {"street_count": 3}, "geometry": {"type": "Point", "coordinates": [-74.070901, 40.9271352]}}, {"id": "571393389", "type": "Feature", "properties": {"street_count": 3}, "geometry": {"type": "Point", "coordinates": [-74.0713134, 40.9250968]}}, {"id": "571394599", "type": "Feature", "properties": {"street_count": 3}, "geometry": {"type": "Point", "coordinates": [-74.0715745, 40.941522]}}, {"id": "571394606", "type": "Feature", "properties": {"street_count": 3}, "geometry": {"type": "Point", "coordinates": [-74.0710091, 40.9353563]}}, {"id": "571394891", "type": "Feature", "properties": {"street_count": 3}, "geometry": {"type": "Point", "coordinates": [-74.0751397, 40.9590539]}}, {"id": "571394907", "type": "Feature", "properties": {"street_count": 3}, "geometry": {"type": "Point", "coordinates": [-74.0725736, 40.9512445]}}, {"id": "571398354", "type": "Feature", "properties": {"street_count": 3}, "geometry": {"type": "Point", "coordinates": [-74.0727171, 40.9173671]}}, {"id": "571398359", "type": "Feature", "properties": {"street_count": 3}, "geometry": {"type": "Point", "coordinates": [-74.0726566, 40.9159638]}}, {"id": "571614616", "type": "Feature", "properties": {"street_count": 3}, "geometry": {"type": "Point", "coordinates": [-74.0788074, 40.9680413]}}, {"id": "571614623", "type": "Feature", "properties": {"street_count": 3}, "geometry": {"type": "Point", "coordinates": [-74.0761663, 40.9615273]}}, {"id": "571615088", "type": "Feature", "properties": {"street_count": 3}, "geometry": {"type": "Point", "coordinates": [-74.0797312, 40.97031]}}, {"id": "571615089", "type": "Feature", "properties": {"street_count": 3}, "geometry": {"type": "Point", "coordinates": [-74.0794382, 40.9695984]}}, {"id": "571615264", "type": "Feature", "properties": {"street_count": 3}, "geometry": {"type": "Point", "coordinates": [-74.0828813, 40.9780376]}}, {"id": "571634437", "type": "Feature", "properties": {"street_count": 3}, "geometry": {"type": "Point", "coordinates": [-74.0721203, 40.921068]}}, {"id": "571634442", "type": "Feature", "properties": {"street_count": 3}, "geometry": {"type": "Point", "coordinates": [-74.071504, 40.9232993]}}, {"id": "571634444", "type": "Feature", "properties": {"street_count": 3}, "geometry": {"type": "Point", "coordinates": [-74.0713028, 40.9241018]}}, {"id": "571634445", "type": "Feature", "properties": {"street_count": 3}, "geometry": {"type": "Point", "coordinates": [-74.0711786, 40.92471]}}, {"id": "571634446", "type": "Feature", "properties": {"street_count": 3}, "geometry": {"type": "Point", "coordinates": [-74.07096, 40.9258855]}}, {"id": "571634447", "type": "Feature", "properties": {"street_count": 3}, "geometry": {"type": "Point", "coordinates": [-74.0707262, 40.9270728]}}, {"id": "571634448", "type": "Feature", "properties": {"street_count": 3}, "geometry": {"type": "Point", "coordinates": [-74.0706037, 40.927841]}}, {"id": "571634455", "type": "Feature", "properties": {"street_count": 3}, "geometry": {"type": "Point", "coordinates": [-74.0704285, 40.9304956]}}, {"id": "571643261", "type": "Feature", "properties": {"street_count": 3}, "geometry": {"type": "Point", "coordinates": [-74.0707262, 40.9111966]}}, {"id": "571647590", "type": "Feature", "properties": {"street_count": 3}, "geometry": {"type": "Point", "coordinates": [-74.0713709, 40.9129456]}}, {"id": "571647595", "type": "Feature", "properties": {"street_count": 3}, "geometry": {"type": "Point", "coordinates": [-74.0708826, 40.9114984]}}, {"id": "571647631", "type": "Feature", "properties": {"street_count": 3}, "geometry": {"type": "Point", "coordinates": [-74.0709323, 40.9115477]}}, {"id": "571647651", "type": "Feature", "properties": {"street_count": 3}, "geometry": {"type": "Point", "coordinates": [-74.0726146, 40.9157183]}}, {"id": "571722215", "type": "Feature", "properties": {"street_count": 3}, "geometry": {"type": "Point", "coordinates": [-74.0553715, 40.9169449]}}, {"id": "571722243", "type": "Feature", "properties": {"street_count": 3}, "geometry": {"type": "Point", "coordinates": [-74.0561771, 40.9166028]}}, {"id": "571722282", "type": "Feature", "properties": {"street_count": 3}, "geometry": {"type": "Point", "coordinates": [-74.0540855, 40.9159127]}}, {"id": "571877925", "type": "Feature", "properties": {"street_count": 3}, "geometry": {"type": "Point", "coordinates": [-74.0778057, 40.9690574]}}, {"id": "571878630", "type": "Feature", "properties": {"street_count": 3}, "geometry": {"type": "Point", "coordinates": [-74.078246, 40.9705395]}}, {"id": "571881181", "type": "Feature", "properties": {"street_count": 3}, "geometry": {"type": "Point", "coordinates": [-74.0814575, 40.9692559]}}, {"id": "571882834", "type": "Feature", "properties": {"street_count": 3}, "geometry": {"type": "Point", "coordinates": [-74.0769476, 40.9691298]}}, {"id": "571883023", "type": "Feature", "properties": {"street_count": 1}, "geometry": {"type": "Point", "coordinates": [-74.0772944, 40.9668076]}}, {"id": "572576551", "type": "Feature", "properties": {"street_count": 3}, "geometry": {"type": "Point", "coordinates": [-74.0659764, 40.96397]}}, {"id": "574277858", "type": "Feature", "properties": {"street_count": 3}, "geometry": {"type": "Point", "coordinates": [-74.0688904, 40.9289902]}}, {"id": "574277863", "type": "Feature", "properties": {"street_count": 4}, "geometry": {"type": "Point", "coordinates": [-74.0692111, 40.9288406]}}, {"id": "574278012", "type": "Feature", "properties": {"street_count": 3}, "geometry": {"type": "Point", "coordinates": [-74.0694112, 40.9291288]}}, {"id": "574278399", "type": "Feature", "properties": {"street_count": 3}, "geometry": {"type": "Point", "coordinates": [-74.0722619, 40.9298766]}}, {"id": "574278619", "type": "Feature", "properties": {"street_count": 4}, "geometry": {"type": "Point", "coordinates": [-74.0716066, 40.9295364]}}, {"id": "574279364", "type": "Feature", "properties": {"street_count": 3}, "geometry": {"type": "Point", "coordinates": [-74.0711592, 40.928351]}}, {"id": "574279631", "type": "Feature", "properties": {"street_count": 3}, "geometry": {"type": "Point", "coordinates": [-74.0716787, 40.9288275]}}, {"id": "574279794", "type": "Feature", "properties": {"street_count": 3}, "geometry": {"type": "Point", "coordinates": [-74.0705722, 40.9268062]}}, {"id": "574279807", "type": "Feature", "properties": {"street_count": 3}, "geometry": {"type": "Point", "coordinates": [-74.0704944, 40.9264455]}}, {"id": "574282887", "type": "Feature", "properties": {"street_count": 3}, "geometry": {"type": "Point", "coordinates": [-74.0701077, 40.948806]}}, {"id": "574283099", "type": "Feature", "properties": {"street_count": 3}, "geometry": {"type": "Point", "coordinates": [-74.0713847, 40.9496773]}}, {"id": "574283570", "type": "Feature", "properties": {"street_count": 3}, "geometry": {"type": "Point", "coordinates": [-74.0720807, 40.9488367]}}, {"id": "574284325", "type": "Feature", "properties": {"street_count": 4}, "geometry": {"type": "Point", "coordinates": [-74.0696735, 40.9486705]}}, {"id": "574287380", "type": "Feature", "properties": {"street_count": 3}, "geometry": {"type": "Point", "coordinates": [-74.0737724, 40.9510441]}}, {"id": "574287406", "type": "Feature", "properties": {"street_count": 3}, "geometry": {"type": "Point", "coordinates": [-74.0722356, 40.9486139]}}, {"id": "574291702", "type": "Feature", "properties": {"street_count": 3}, "geometry": {"type": "Point", "coordinates": [-74.0849269, 40.9797173]}}, {"id": "574297417", "type": "Feature", "properties": {"street_count": 3}, "geometry": {"type": "Point", "coordinates": [-74.0818342, 40.979055]}}, {"id": "574297419", "type": "Feature", "properties": {"street_count": 4}, "geometry": {"type": "Point", "coordinates": [-74.0819016, 40.9790301]}}, {"id": "574297422", "type": "Feature", "properties": {"street_count": 3}, "geometry": {"type": "Point", "coordinates": [-74.0821942, 40.9788192]}}, {"id": "574309554", "type": "Feature", "properties": {"street_count": 1}, "geometry": {"type": "Point", "coordinates": [-74.0707721, 40.9551112]}}, {"id": "574311488", "type": "Feature", "properties": {"street_count": 3}, "geometry": {"type": "Point", "coordinates": [-74.066753, 40.9594925]}}, {"id": "577870067", "type": "Feature", "properties": {"street_count": 3}, "geometry": {"type": "Point", "coordinates": [-74.0832212, 40.9187722]}}, {"id": "577872228", "type": "Feature", "properties": {"street_count": 3}, "geometry": {"type": "Point", "coordinates": [-74.0839755, 40.918917]}}, {"id": "577872243", "type": "Feature", "properties": {"street_count": 4}, "geometry": {"type": "Point", "coordinates": [-74.0832181, 40.9186753]}}, {"id": "577876224", "type": "Feature", "properties": {"street_count": 3}, "geometry": {"type": "Point", "coordinates": [-74.0860343, 40.9193247]}}, {"id": "577889702", "type": "Feature", "properties": {"street_count": 3}, "geometry": {"type": "Point", "coordinates": [-74.0800533, 40.9228197]}}, {"id": "577951993", "type": "Feature", "properties": {"street_count": 3}, "geometry": {"type": "Point", "coordinates": [-74.0643027, 40.9631199]}}, {"id": "577951995", "type": "Feature", "properties": {"street_count": 3}, "geometry": {"type": "Point", "coordinates": [-74.0643945, 40.9632593]}}, {"id": "577954360", "type": "Feature", "properties": {"street_count": 3}, "geometry": {"type": "Point", "coordinates": [-74.0642317, 40.9651815]}}, {"id": "577973525", "type": "Feature", "properties": {"street_count": 3}, "geometry": {"type": "Point", "coordinates": [-74.0657344, 40.9687137]}}, {"id": "577975535", "type": "Feature", "properties": {"street_count": 3}, "geometry": {"type": "Point", "coordinates": [-74.0698736, 40.9746955]}}, {"id": "578000317", "type": "Feature", "properties": {"street_count": 3}, "geometry": {"type": "Point", "coordinates": [-74.0645654, 40.9618307]}}, {"id": "578000364", "type": "Feature", "properties": {"street_count": 3}, "geometry": {"type": "Point", "coordinates": [-74.0635197, 40.9627585]}}, {"id": "578001454", "type": "Feature", "properties": {"street_count": 3}, "geometry": {"type": "Point", "coordinates": [-74.0646647, 40.9622181]}}, {"id": "578003008", "type": "Feature", "properties": {"street_count": 3}, "geometry": {"type": "Point", "coordinates": [-74.066428, 40.9616754]}}, {"id": "578013763", "type": "Feature", "properties": {"street_count": 3}, "geometry": {"type": "Point", "coordinates": [-74.0671413, 40.9636753]}}, {"id": "578013781", "type": "Feature", "properties": {"street_count": 3}, "geometry": {"type": "Point", "coordinates": [-74.066806, 40.9629739]}}, {"id": "578016044", "type": "Feature", "properties": {"street_count": 3}, "geometry": {"type": "Point", "coordinates": [-74.0665695, 40.9631857]}}, {"id": "578017312", "type": "Feature", "properties": {"street_count": 3}, "geometry": {"type": "Point", "coordinates": [-74.0662782, 40.9652631]}}, {"id": "585343542", "type": "Feature", "properties": {"street_count": 3}, "geometry": {"type": "Point", "coordinates": [-74.0732702, 40.9257111]}}, {"id": "585344640", "type": "Feature", "properties": {"street_count": 1}, "geometry": {"type": "Point", "coordinates": [-74.0673645, 40.9274033]}}, {"id": "600575177", "type": "Feature", "properties": {"street_count": 3}, "geometry": {"type": "Point", "coordinates": [-74.0712038, 40.9115927]}}, {"id": "600578335", "type": "Feature", "properties": {"street_count": 3}, "geometry": {"type": "Point", "coordinates": [-74.0718068, 40.9103492]}}, {"id": "600578336", "type": "Feature", "properties": {"street_count": 1}, "geometry": {"type": "Point", "coordinates": [-74.0705071, 40.9095543]}}, {"id": "667685641", "type": "Feature", "properties": {"street_count": 3}, "geometry": {"type": "Point", "coordinates": [-74.0585129, 40.9556148]}}, {"id": "667686175", "type": "Feature", "properties": {"street_count": 3}, "geometry": {"type": "Point", "coordinates": [-74.0593468, 40.957227]}}, {"id": "667686334", "type": "Feature", "properties": {"street_count": 3}, "geometry": {"type": "Point", "coordinates": [-74.0600897, 40.9597514]}}, {"id": "667687034", "type": "Feature", "properties": {"street_count": 3}, "geometry": {"type": "Point", "coordinates": [-74.0602016, 40.9587932]}}, {"id": "667687038", "type": "Feature", "properties": {"street_count": 4}, "geometry": {"type": "Point", "coordinates": [-74.0602552, 40.9582665]}}, {"id": "667687040", "type": "Feature", "properties": {"street_count": 3}, "geometry": {"type": "Point", "coordinates": [-74.060193, 40.9580243]}}, {"id": "667687043", "type": "Feature", "properties": {"street_count": 3}, "geometry": {"type": "Point", "coordinates": [-74.0596357, 40.9572559]}}, {"id": "667687053", "type": "Feature", "properties": {"street_count": 4}, "geometry": {"type": "Point", "coordinates": [-74.0587459, 40.9564271]}}, {"id": "667687221", "type": "Feature", "properties": {"street_count": 3}, "geometry": {"type": "Point", "coordinates": [-74.0610223, 40.9583176]}}, {"id": "667687585", "type": "Feature", "properties": {"street_count": 3}, "geometry": {"type": "Point", "coordinates": [-74.0607157, 40.9582051]}}, {"id": "667687587", "type": "Feature", "properties": {"street_count": 4}, "geometry": {"type": "Point", "coordinates": [-74.0602499, 40.9582002]}}, {"id": "667689077", "type": "Feature", "properties": {"street_count": 3}, "geometry": {"type": "Point", "coordinates": [-74.0600459, 40.9594025]}}, {"id": "667689414", "type": "Feature", "properties": {"street_count": 3}, "geometry": {"type": "Point", "coordinates": [-74.0608664, 40.9583011]}}, {"id": "667690111", "type": "Feature", "properties": {"street_count": 3}, "geometry": {"type": "Point", "coordinates": [-74.0591716, 40.9565812]}}, {"id": "667690121", "type": "Feature", "properties": {"street_count": 4}, "geometry": {"type": "Point", "coordinates": [-74.0588, 40.9565169]}}, {"id": "667690123", "type": "Feature", "properties": {"street_count": 3}, "geometry": {"type": "Point", "coordinates": [-74.0586958, 40.95657]}}, {"id": "667698630", "type": "Feature", "properties": {"street_count": 4}, "geometry": {"type": "Point", "coordinates": [-74.0622765, 40.9172857]}}, {"id": "667698641", "type": "Feature", "properties": {"street_count": 3}, "geometry": {"type": "Point", "coordinates": [-74.0624622, 40.9177117]}}, {"id": "667698644", "type": "Feature", "properties": {"street_count": 4}, "geometry": {"type": "Point", "coordinates": [-74.0611222, 40.9188541]}}, {"id": "667698754", "type": "Feature", "properties": {"street_count": 3}, "geometry": {"type": "Point", "coordinates": [-74.055255, 40.9147422]}}, {"id": "667698777", "type": "Feature", "properties": {"street_count": 4}, "geometry": {"type": "Point", "coordinates": [-74.0557568, 40.9148965]}}, {"id": "667698790", "type": "Feature", "properties": {"street_count": 3}, "geometry": {"type": "Point", "coordinates": [-74.0553452, 40.9146651]}}, {"id": "667698794", "type": "Feature", "properties": {"street_count": 4}, "geometry": {"type": "Point", "coordinates": [-74.0545514, 40.9145116]}}, {"id": "667698818", "type": "Feature", "properties": {"street_count": 4}, "geometry": {"type": "Point", "coordinates": [-74.0556525, 40.9147997]}}, {"id": "667698819", "type": "Feature", "properties": {"street_count": 4}, "geometry": {"type": "Point", "coordinates": [-74.0555962, 40.9148696]}}, {"id": "667698823", "type": "Feature", "properties": {"street_count": 3}, "geometry": {"type": "Point", "coordinates": [-74.0558668, 40.9145377]}}, {"id": "667698829", "type": "Feature", "properties": {"street_count": 3}, "geometry": {"type": "Point", "coordinates": [-74.0554206, 40.915108]}}, {"id": "701070448", "type": "Feature", "properties": {"street_count": 3}, "geometry": {"type": "Point", "coordinates": [-74.0731542, 40.9500956]}}, {"id": "701070706", "type": "Feature", "properties": {"street_count": 3}, "geometry": {"type": "Point", "coordinates": [-74.0734571, 40.9504543]}}, {"id": "701071643", "type": "Feature", "properties": {"street_count": 4}, "geometry": {"type": "Point", "coordinates": [-74.0733558, 40.9505124]}}, {"id": "701075390", "type": "Feature", "properties": {"street_count": 3}, "geometry": {"type": "Point", "coordinates": [-74.0725097, 40.9594928]}}, {"id": "701075544", "type": "Feature", "properties": {"street_count": 3}, "geometry": {"type": "Point", "coordinates": [-74.0734265, 40.9594286]}}, {"id": "701079881", "type": "Feature", "properties": {"street_count": 3}, "geometry": {"type": "Point", "coordinates": [-74.0735217, 40.9595321]}}, {"id": "701084177", "type": "Feature", "properties": {"street_count": 4}, "geometry": {"type": "Point", "coordinates": [-74.0779649, 40.9700183]}}, {"id": "701086538", "type": "Feature", "properties": {"street_count": 3}, "geometry": {"type": "Point", "coordinates": [-74.0804443, 40.9697724]}}, {"id": "701087098", "type": "Feature", "properties": {"street_count": 3}, "geometry": {"type": "Point", "coordinates": [-74.0811038, 40.9693874]}}, {"id": "701087231", "type": "Feature", "properties": {"street_count": 4}, "geometry": {"type": "Point", "coordinates": [-74.081036, 40.9693439]}}, {"id": "701089523", "type": "Feature", "properties": {"street_count": 3}, "geometry": {"type": "Point", "coordinates": [-74.0807614, 40.9719819]}}, {"id": "701089698", "type": "Feature", "properties": {"street_count": 4}, "geometry": {"type": "Point", "coordinates": [-74.0803232, 40.971775]}}, {"id": "701089792", "type": "Feature", "properties": {"street_count": 3}, "geometry": {"type": "Point", "coordinates": [-74.0805429, 40.9723161]}}, {"id": "710305675", "type": "Feature", "properties": {"street_count": 1}, "geometry": {"type": "Point", "coordinates": [-74.0718834, 40.9173328]}}, {"id": "710305759", "type": "Feature", "properties": {"street_count": 1}, "geometry": {"type": "Point", "coordinates": [-74.0647444, 40.9205814]}}, {"id": "765597777", "type": "Feature", "properties": {"street_count": 3}, "geometry": {"type": "Point", "coordinates": [-74.0542566, 40.9171845]}}, {"id": "765597780", "type": "Feature", "properties": {"street_count": 3}, "geometry": {"type": "Point", "coordinates": [-74.054215, 40.9169828]}}, {"id": "765597781", "type": "Feature", "properties": {"street_count": 3}, "geometry": {"type": "Point", "coordinates": [-74.0540533, 40.9171982]}}, {"id": "765597783", "type": "Feature", "properties": {"street_count": 3}, "geometry": {"type": "Point", "coordinates": [-74.0538683, 40.9173083]}}, {"id": "765597795", "type": "Feature", "properties": {"street_count": 3}, "geometry": {"type": "Point", "coordinates": [-74.0533875, 40.9181848]}}, {"id": "765597994", "type": "Feature", "properties": {"street_count": 5}, "geometry": {"type": "Point", "coordinates": [-74.0535842, 40.9177571]}}, {"id": "765598001", "type": "Feature", "properties": {"street_count": 3}, "geometry": {"type": "Point", "coordinates": [-74.0532193, 40.9190486]}}, {"id": "765598366", "type": "Feature", "properties": {"street_count": 4}, "geometry": {"type": "Point", "coordinates": [-74.0537054, 40.9177965]}}, {"id": "765598465", "type": "Feature", "properties": {"street_count": 3}, "geometry": {"type": "Point", "coordinates": [-74.0629527, 40.9171099]}}, {"id": "765598609", "type": "Feature", "properties": {"street_count": 3}, "geometry": {"type": "Point", "coordinates": [-74.0779717, 40.9217048]}}, {"id": "765620619", "type": "Feature", "properties": {"street_count": 1}, "geometry": {"type": "Point", "coordinates": [-74.0877949, 40.9222341]}}, {"id": "765620776", "type": "Feature", "properties": {"street_count": 3}, "geometry": {"type": "Point", "coordinates": [-74.0877994, 40.9234069]}}, {"id": "765620809", "type": "Feature", "properties": {"street_count": 3}, "geometry": {"type": "Point", "coordinates": [-74.0873067, 40.9237987]}}, {"id": "765620832", "type": "Feature", "properties": {"street_count": 1}, "geometry": {"type": "Point", "coordinates": [-74.0873067, 40.9234582]}}, {"id": "765620855", "type": "Feature", "properties": {"street_count": 1}, "geometry": {"type": "Point", "coordinates": [-74.0870481, 40.9236036]}}, {"id": "765620886", "type": "Feature", "properties": {"street_count": 1}, "geometry": {"type": "Point", "coordinates": [-74.0881221, 40.9229232]}}, {"id": "765621021", "type": "Feature", "properties": {"street_count": 3}, "geometry": {"type": "Point", "coordinates": [-74.0890502, 40.9242973]}}, {"id": "765621202", "type": "Feature", "properties": {"street_count": 3}, "geometry": {"type": "Point", "coordinates": [-74.0881382, 40.9234582]}}, {"id": "768593858", "type": "Feature", "properties": {"street_count": 3}, "geometry": {"type": "Point", "coordinates": [-74.0809654, 40.969458]}}, {"id": "768593860", "type": "Feature", "properties": {"street_count": 3}, "geometry": {"type": "Point", "coordinates": [-74.0778847, 40.9693285]}}, {"id": "768593861", "type": "Feature", "properties": {"street_count": 3}, "geometry": {"type": "Point", "coordinates": [-74.0783488, 40.9690207]}}, {"id": "768593866", "type": "Feature", "properties": {"street_count": 3}, "geometry": {"type": "Point", "coordinates": [-74.0710699, 40.948931]}}, {"id": "768593870", "type": "Feature", "properties": {"street_count": 3}, "geometry": {"type": "Point", "coordinates": [-74.0709223, 40.9490001]}}, {"id": "768593988", "type": "Feature", "properties": {"street_count": 3}, "geometry": {"type": "Point", "coordinates": [-74.0716239, 40.9130135]}}, {"id": "1313831885", "type": "Feature", "properties": {"street_count": 3}, "geometry": {"type": "Point", "coordinates": [-74.0910011, 40.9259679]}}, {"id": "1313831895", "type": "Feature", "properties": {"street_count": 3}, "geometry": {"type": "Point", "coordinates": [-74.0895929, 40.9258849]}}, {"id": "1683605578", "type": "Feature", "properties": {"street_count": 3}, "geometry": {"type": "Point", "coordinates": [-74.0556249, 40.9424084]}}, {"id": "1683605582", "type": "Feature", "properties": {"street_count": 1}, "geometry": {"type": "Point", "coordinates": [-74.0561767, 40.9425374]}}, {"id": "1760874950", "type": "Feature", "properties": {"street_count": 3}, "geometry": {"type": "Point", "coordinates": [-74.0477747, 40.9367634]}}, {"id": "2320204809", "type": "Feature", "properties": {"street_count": 3}, "geometry": {"type": "Point", "coordinates": [-74.064063, 40.9453021]}}, {"id": "2385911593", "type": "Feature", "properties": {"street_count": 3}, "geometry": {"type": "Point", "coordinates": [-74.0722713, 40.9202575]}}, {"id": "2385911597", "type": "Feature", "properties": {"street_count": 3}, "geometry": {"type": "Point", "coordinates": [-74.0765973, 40.9219209]}}, {"id": "2385911690", "type": "Feature", "properties": {"street_count": 3}, "geometry": {"type": "Point", "coordinates": [-74.0697589, 40.9199863]}}, {"id": "2385911693", "type": "Feature", "properties": {"street_count": 3}, "geometry": {"type": "Point", "coordinates": [-74.0722761, 40.9182226]}}, {"id": "2385911703", "type": "Feature", "properties": {"street_count": 3}, "geometry": {"type": "Point", "coordinates": [-74.0696624, 40.9202852]}}, {"id": "2468892839", "type": "Feature", "properties": {"street_count": 3}, "geometry": {"type": "Point", "coordinates": [-74.0779425, 40.9201831]}}, {"id": "2468997324", "type": "Feature", "properties": {"street_count": 1}, "geometry": {"type": "Point", "coordinates": [-74.0677014, 40.9638502]}}, {"id": "2469009101", "type": "Feature", "properties": {"street_count": 3}, "geometry": {"type": "Point", "coordinates": [-74.0829851, 40.9726828]}}, {"id": "2469009109", "type": "Feature", "properties": {"street_count": 1}, "geometry": {"type": "Point", "coordinates": [-74.0668811, 40.9683131]}}, {"id": "2481832954", "type": "Feature", "properties": {"street_count": 4}, "geometry": {"type": "Point", "coordinates": [-74.0602219, 40.9582322]}}, {"id": "2481843179", "type": "Feature", "properties": {"street_count": 4}, "geometry": {"type": "Point", "coordinates": [-74.0852119, 40.919411]}}, {"id": "2481843183", "type": "Feature", "properties": {"street_count": 4}, "geometry": {"type": "Point", "coordinates": [-74.0852506, 40.9195093]}}, {"id": "2716462074", "type": "Feature", "properties": {"street_count": 3}, "geometry": {"type": "Point", "coordinates": [-74.0925219, 40.9401713]}}, {"id": "2775636944", "type": "Feature", "properties": {"street_count": 1}, "geometry": {"type": "Point", "coordinates": [-74.0951846, 40.9660946]}}, {"id": "2830011469", "type": "Feature", "properties": {"street_count": 3}, "geometry": {"type": "Point", "coordinates": [-74.0778576, 40.9229721]}}, {"id": "2830011477", "type": "Feature", "properties": {"street_count": 3}, "geometry": {"type": "Point", "coordinates": [-74.0769837, 40.9224784]}}, {"id": "2830164792", "type": "Feature", "properties": {"street_count": 3}, "geometry": {"type": "Point", "coordinates": [-74.0781348, 40.9182769]}}, {"id": "2830340845", "type": "Feature", "properties": {"street_count": 3}, "geometry": {"type": "Point", "coordinates": [-74.072698, 40.9179974]}}, {"id": "2830340884", "type": "Feature", "properties": {"street_count": 3}, "geometry": {"type": "Point", "coordinates": [-74.0732819, 40.9165669]}}, {"id": "2830358060", "type": "Feature", "properties": {"street_count": 2}, "geometry": {"type": "Point", "coordinates": [-74.0760749, 40.9143896]}}, {"id": "2830358117", "type": "Feature", "properties": {"street_count": 3}, "geometry": {"type": "Point", "coordinates": [-74.0758278, 40.9131117]}}, {"id": "2936192544", "type": "Feature", "properties": {"street_count": 3}, "geometry": {"type": "Point", "coordinates": [-74.0724857, 40.9159863]}}, {"id": "2936192545", "type": "Feature", "properties": {"street_count": 4}, "geometry": {"type": "Point", "coordinates": [-74.0725514, 40.916859]}}, {"id": "3588511498", "type": "Feature", "properties": {"street_count": 1}, "geometry": {"type": "Point", "coordinates": [-74.0668005, 40.9286015]}}, {"id": "3588511500", "type": "Feature", "properties": {"street_count": 3}, "geometry": {"type": "Point", "coordinates": [-74.0675466, 40.9286287]}}, {"id": "3590718091", "type": "Feature", "properties": {"street_count": 1}, "geometry": {"type": "Point", "coordinates": [-74.0914669, 40.931192]}}, {"id": "3590718092", "type": "Feature", "properties": {"street_count": 3}, "geometry": {"type": "Point", "coordinates": [-74.0908547, 40.9312018]}}, {"id": "3632988316", "type": "Feature", "properties": {"street_count": 3}, "geometry": {"type": "Point", "coordinates": [-74.0634307, 40.9592641]}}, {"id": "3632988329", "type": "Feature", "properties": {"street_count": 3}, "geometry": {"type": "Point", "coordinates": [-74.0635259, 40.9594873]}}, {"id": "3632988334", "type": "Feature", "properties": {"street_count": 3}, "geometry": {"type": "Point", "coordinates": [-74.0635282, 40.9595383]}}, {"id": "3632988342", "type": "Feature", "properties": {"street_count": 3}, "geometry": {"type": "Point", "coordinates": [-74.063897, 40.9596007]}}, {"id": "3632989103", "type": "Feature", "properties": {"street_count": 1}, "geometry": {"type": "Point", "coordinates": [-74.0651878, 40.9580668]}}, {"id": "3642638843", "type": "Feature", "properties": {"street_count": 3}, "geometry": {"type": "Point", "coordinates": [-74.0836364, 40.9340304]}}, {"id": "3642638844", "type": "Feature", "properties": {"street_count": 3}, "geometry": {"type": "Point", "coordinates": [-74.0841637, 40.9343388]}}, {"id": "3642638845", "type": "Feature", "properties": {"street_count": 3}, "geometry": {"type": "Point", "coordinates": [-74.0832191, 40.9344585]}}, {"id": "3642638848", "type": "Feature", "properties": {"street_count": 3}, "geometry": {"type": "Point", "coordinates": [-74.0837175, 40.9347623]}}, {"id": "3655082933", "type": "Feature", "properties": {"street_count": 3}, "geometry": {"type": "Point", "coordinates": [-74.0824894, 40.9775396]}}, {"id": "3655082935", "type": "Feature", "properties": {"street_count": 4}, "geometry": {"type": "Point", "coordinates": [-74.0833446, 40.979179]}}, {"id": "3656158816", "type": "Feature", "properties": {"street_count": 3}, "geometry": {"type": "Point", "coordinates": [-74.0709319, 40.9120697]}}, {"id": "3656158817", "type": "Feature", "properties": {"street_count": 3}, "geometry": {"type": "Point", "coordinates": [-74.0709856, 40.9122508]}}, {"id": "4033750150", "type": "Feature", "properties": {"street_count": 4}, "geometry": {"type": "Point", "coordinates": [-74.0586238, 40.9564725]}}, {"id": "4398346306", "type": "Feature", "properties": {"street_count": 3}, "geometry": {"type": "Point", "coordinates": [-74.093927, 40.9557364]}}, {"id": "4398363386", "type": "Feature", "properties": {"street_count": 3}, "geometry": {"type": "Point", "coordinates": [-74.0942182, 40.953691]}}, {"id": "4398365920", "type": "Feature", "properties": {"street_count": 3}, "geometry": {"type": "Point", "coordinates": [-74.0939492, 40.9556439]}}, {"id": "4398414701", "type": "Feature", "properties": {"street_count": 3}, "geometry": {"type": "Point", "coordinates": [-74.0824175, 40.918957]}}, {"id": "4398416050", "type": "Feature", "properties": {"street_count": 3}, "geometry": {"type": "Point", "coordinates": [-74.0823689, 40.9188589]}}, {"id": "4400047489", "type": "Feature", "properties": {"street_count": 3}, "geometry": {"type": "Point", "coordinates": [-74.0934171, 40.9623823]}}, {"id": "4400047492", "type": "Feature", "properties": {"street_count": 3}, "geometry": {"type": "Point", "coordinates": [-74.092831, 40.9625763]}}, {"id": "4400067875", "type": "Feature", "properties": {"street_count": 3}, "geometry": {"type": "Point", "coordinates": [-74.056556, 40.9467311]}}, {"id": "4400067877", "type": "Feature", "properties": {"street_count": 1}, "geometry": {"type": "Point", "coordinates": [-74.0567161, 40.946165]}}, {"id": "4505075471", "type": "Feature", "properties": {"street_count": 1}, "geometry": {"type": "Point", "coordinates": [-74.0683879, 40.9416266]}}, {"id": "4505075472", "type": "Feature", "properties": {"street_count": 1}, "geometry": {"type": "Point", "coordinates": [-74.0700174, 40.9385082]}}, {"id": "4505161375", "type": "Feature", "properties": {"street_count": 1}, "geometry": {"type": "Point", "coordinates": [-74.0701803, 40.9464954]}}, {"id": "4505272385", "type": "Feature", "properties": {"street_count": 3}, "geometry": {"type": "Point", "coordinates": [-74.0871306, 40.9368755]}}, {"id": "4505321037", "type": "Feature", "properties": {"street_count": 1}, "geometry": {"type": "Point", "coordinates": [-74.0931466, 40.9679165]}}, {"id": "4505321038", "type": "Feature", "properties": {"street_count": 1}, "geometry": {"type": "Point", "coordinates": [-74.0917754, 40.9709169]}}, {"id": "4505321042", "type": "Feature", "properties": {"street_count": 1}, "geometry": {"type": "Point", "coordinates": [-74.0941735, 40.9681324]}}, {"id": "4505338358", "type": "Feature", "properties": {"street_count": 1}, "geometry": {"type": "Point", "coordinates": [-74.0817037, 40.9577419]}}, {"id": "4505338371", "type": "Feature", "properties": {"street_count": 1}, "geometry": {"type": "Point", "coordinates": [-74.0824682, 40.9571991]}}, {"id": "4505348492", "type": "Feature", "properties": {"street_count": 1}, "geometry": {"type": "Point", "coordinates": [-74.0909988, 40.9585297]}}, {"id": "4505363975", "type": "Feature", "properties": {"street_count": 1}, "geometry": {"type": "Point", "coordinates": [-74.0856279, 40.9591983]}}, {"id": "4505365811", "type": "Feature", "properties": {"street_count": 1}, "geometry": {"type": "Point", "coordinates": [-74.0919091, 40.959502]}}, {"id": "4505365812", "type": "Feature", "properties": {"street_count": 1}, "geometry": {"type": "Point", "coordinates": [-74.0946731, 40.9588993]}}, {"id": "4505365814", "type": "Feature", "properties": {"street_count": 1}, "geometry": {"type": "Point", "coordinates": [-74.0938456, 40.960618]}}, {"id": "4505365815", "type": "Feature", "properties": {"street_count": 3}, "geometry": {"type": "Point", "coordinates": [-74.0930633, 40.960365]}}, {"id": "4505373073", "type": "Feature", "properties": {"street_count": 1}, "geometry": {"type": "Point", "coordinates": [-74.0955949, 40.9521997]}}, {"id": "4614486835", "type": "Feature", "properties": {"street_count": 1}, "geometry": {"type": "Point", "coordinates": [-74.050604, 40.929992]}}, {"id": "4614486837", "type": "Feature", "properties": {"street_count": 3}, "geometry": {"type": "Point", "coordinates": [-74.0512975, 40.9301691]}}, {"id": "4687507732", "type": "Feature", "properties": {"street_count": 3}, "geometry": {"type": "Point", "coordinates": [-74.0545581, 40.9142182]}}, {"id": "4687507735", "type": "Feature", "properties": {"street_count": 4}, "geometry": {"type": "Point", "coordinates": [-74.054649, 40.9144998]}}, {"id": "4687507747", "type": "Feature", "properties": {"street_count": 3}, "geometry": {"type": "Point", "coordinates": [-74.0550115, 40.9145491]}}, {"id": "4687507755", "type": "Feature", "properties": {"street_count": 3}, "geometry": {"type": "Point", "coordinates": [-74.0525691, 40.9131392]}}, {"id": "4687507759", "type": "Feature", "properties": {"street_count": 3}, "geometry": {"type": "Point", "coordinates": [-74.0499232, 40.9147855]}}, {"id": "4687507768", "type": "Feature", "properties": {"street_count": 3}, "geometry": {"type": "Point", "coordinates": [-74.050312, 40.9148925]}}, {"id": "4687507769", "type": "Feature", "properties": {"street_count": 3}, "geometry": {"type": "Point", "coordinates": [-74.0505128, 40.9142858]}}, {"id": "4691366914", "type": "Feature", "properties": {"street_count": 3}, "geometry": {"type": "Point", "coordinates": [-74.0529595, 40.9171445]}}, {"id": "4695005054", "type": "Feature", "properties": {"street_count": 1}, "geometry": {"type": "Point", "coordinates": [-74.0893839, 40.9734323]}}, {"id": "4695120954", "type": "Feature", "properties": {"street_count": 1}, "geometry": {"type": "Point", "coordinates": [-74.0763727, 40.9685783]}}, {"id": "4695120955", "type": "Feature", "properties": {"street_count": 1}, "geometry": {"type": "Point", "coordinates": [-74.0763103, 40.9685361]}}, {"id": "4695132074", "type": "Feature", "properties": {"street_count": 1}, "geometry": {"type": "Point", "coordinates": [-74.0729864, 40.961262]}}, {"id": "4844715273", "type": "Feature", "properties": {"street_count": 1}, "geometry": {"type": "Point", "coordinates": [-74.0663695, 40.9312964]}}, {"id": "4844715281", "type": "Feature", "properties": {"street_count": 1}, "geometry": {"type": "Point", "coordinates": [-74.064952, 40.9325525]}}, {"id": "4844715286", "type": "Feature", "properties": {"street_count": 1}, "geometry": {"type": "Point", "coordinates": [-74.0629935, 40.9300269]}}, {"id": "4844723117", "type": "Feature", "properties": {"street_count": 1}, "geometry": {"type": "Point", "coordinates": [-74.0585113, 40.9292261]}}, {"id": "4844723561", "type": "Feature", "properties": {"street_count": 1}, "geometry": {"type": "Point", "coordinates": [-74.0573134, 40.9297729]}}, {"id": "4844736207", "type": "Feature", "properties": {"street_count": 3}, "geometry": {"type": "Point", "coordinates": [-74.0588891, 40.9263562]}}, {"id": "4844742159", "type": "Feature", "properties": {"street_count": 1}, "geometry": {"type": "Point", "coordinates": [-74.0616901, 40.9237129]}}, {"id": "4844742161", "type": "Feature", "properties": {"street_count": 1}, "geometry": {"type": "Point", "coordinates": [-74.0602613, 40.924272]}}, {"id": "4844742163", "type": "Feature", "properties": {"street_count": 1}, "geometry": {"type": "Point", "coordinates": [-74.0680397, 40.9248724]}}, {"id": "5022857107", "type": "Feature", "properties": {"street_count": 2}, "geometry": {"type": "Point", "coordinates": [-74.0782308, 40.9176852]}}, {"id": "5022950670", "type": "Feature", "properties": {"street_count": 3}, "geometry": {"type": "Point", "coordinates": [-74.0738101, 40.9160913]}}, {"id": "5025038415", "type": "Feature", "properties": {"street_count": 1}, "geometry": {"type": "Point", "coordinates": [-74.0461941, 40.949398]}}, {"id": "5025038416", "type": "Feature", "properties": {"street_count": 1}, "geometry": {"type": "Point", "coordinates": [-74.0466935, 40.9510638]}}, {"id": "5025049009", "type": "Feature", "properties": {"street_count": 3}, "geometry": {"type": "Point", "coordinates": [-74.0511509, 40.952648]}}, {"id": "5025049013", "type": "Feature", "properties": {"street_count": 1}, "geometry": {"type": "Point", "coordinates": [-74.0505317, 40.9528405]}}, {"id": "5025168180", "type": "Feature", "properties": {"street_count": 3}, "geometry": {"type": "Point", "coordinates": [-74.0748157, 40.9679494]}}, {"id": "5025168186", "type": "Feature", "properties": {"street_count": 4}, "geometry": {"type": "Point", "coordinates": [-74.0759265, 40.9687911]}}, {"id": "5025168189", "type": "Feature", "properties": {"street_count": 3}, "geometry": {"type": "Point", "coordinates": [-74.0762707, 40.9691175]}}, {"id": "5025185491", "type": "Feature", "properties": {"street_count": 2}, "geometry": {"type": "Point", "coordinates": [-74.0746808, 40.9678766]}}, {"id": "5026683100", "type": "Feature", "properties": {"street_count": 3}, "geometry": {"type": "Point", "coordinates": [-74.0664655, 40.9655337]}}, {"id": "5026695522", "type": "Feature", "properties": {"street_count": 3}, "geometry": {"type": "Point", "coordinates": [-74.0671202, 40.9640397]}}, {"id": "5026695554", "type": "Feature", "properties": {"street_count": 3}, "geometry": {"type": "Point", "coordinates": [-74.0665741, 40.9640387]}}, {"id": "5026728729", "type": "Feature", "properties": {"street_count": 1}, "geometry": {"type": "Point", "coordinates": [-74.0595702, 40.961868]}}, {"id": "5026733853", "type": "Feature", "properties": {"street_count": 3}, "geometry": {"type": "Point", "coordinates": [-74.0608606, 40.9680154]}}, {"id": "5026734387", "type": "Feature", "properties": {"street_count": 1}, "geometry": {"type": "Point", "coordinates": [-74.0610368, 40.9698992]}}, {"id": "5026789961", "type": "Feature", "properties": {"street_count": 1}, "geometry": {"type": "Point", "coordinates": [-74.0637432, 40.9600823]}}, {"id": "5026841709", "type": "Feature", "properties": {"street_count": 3}, "geometry": {"type": "Point", "coordinates": [-74.0572046, 40.9495778]}}, {"id": "5172041393", "type": "Feature", "properties": {"street_count": 3}, "geometry": {"type": "Point", "coordinates": [-74.0867649, 40.9800609]}}, {"id": "5172065195", "type": "Feature", "properties": {"street_count": 1}, "geometry": {"type": "Point", "coordinates": [-74.0832058, 40.97405]}}, {"id": "5356855397", "type": "Feature", "properties": {"street_count": 3}, "geometry": {"type": "Point", "coordinates": [-74.0781166, 40.9663822]}}, {"id": "5356855406", "type": "Feature", "properties": {"street_count": 3}, "geometry": {"type": "Point", "coordinates": [-74.0775742, 40.965049]}}, {"id": "5510160664", "type": "Feature", "properties": {"street_count": 1}, "geometry": {"type": "Point", "coordinates": [-74.0796679, 40.9572152]}}, {"id": "5510160665", "type": "Feature", "properties": {"street_count": 3}, "geometry": {"type": "Point", "coordinates": [-74.0792055, 40.957031]}}, {"id": "5619708741", "type": "Feature", "properties": {"street_count": 3}, "geometry": {"type": "Point", "coordinates": [-74.0512911, 40.9311112]}}, {"id": "5619708744", "type": "Feature", "properties": {"street_count": 3}, "geometry": {"type": "Point", "coordinates": [-74.0508087, 40.930864]}}, {"id": "5663619192", "type": "Feature", "properties": {"street_count": 3}, "geometry": {"type": "Point", "coordinates": [-74.0851522, 40.919117]}}, {"id": "5771195028", "type": "Feature", "properties": {"street_count": 1}, "geometry": {"type": "Point", "coordinates": [-74.0639715, 40.926632]}}, {"id": "5771195029", "type": "Feature", "properties": {"street_count": 1}, "geometry": {"type": "Point", "coordinates": [-74.0643574, 40.9264234]}}, {"id": "5772447412", "type": "Feature", "properties": {"street_count": 3}, "geometry": {"type": "Point", "coordinates": [-74.0803567, 40.9722916]}}, {"id": "5794287297", "type": "Feature", "properties": {"street_count": 3}, "geometry": {"type": "Point", "coordinates": [-74.0460816, 40.9363155]}}, {"id": "5794287299", "type": "Feature", "properties": {"street_count": 1}, "geometry": {"type": "Point", "coordinates": [-74.0469025, 40.9351518]}}, {"id": "5815943068", "type": "Feature", "properties": {"street_count": 3}, "geometry": {"type": "Point", "coordinates": [-74.0582606, 40.9470767]}}, {"id": "5825992150", "type": "Feature", "properties": {"street_count": 3}, "geometry": {"type": "Point", "coordinates": [-74.0778537, 40.9198292]}}, {"id": "5825992151", "type": "Feature", "properties": {"street_count": 1}, "geometry": {"type": "Point", "coordinates": [-74.0764326, 40.919692]}}, {"id": "5846599363", "type": "Feature", "properties": {"street_count": 1}, "geometry": {"type": "Point", "coordinates": [-74.061419, 40.9349896]}}, {"id": "5854478295", "type": "Feature", "properties": {"street_count": 3}, "geometry": {"type": "Point", "coordinates": [-74.0728074, 40.9531135]}}, {"id": "5854478559", "type": "Feature", "properties": {"street_count": 1}, "geometry": {"type": "Point", "coordinates": [-74.0795512, 40.9491184]}}, {"id": "5862306453", "type": "Feature", "properties": {"street_count": 1}, "geometry": {"type": "Point", "coordinates": [-74.0856713, 40.9775469]}}, {"id": "5879718599", "type": "Feature", "properties": {"street_count": 3}, "geometry": {"type": "Point", "coordinates": [-74.0824571, 40.9651429]}}, {"id": "5879718611", "type": "Feature", "properties": {"street_count": 1}, "geometry": {"type": "Point", "coordinates": [-74.0801947, 40.9680192]}}, {"id": "5884713796", "type": "Feature", "properties": {"street_count": 3}, "geometry": {"type": "Point", "coordinates": [-74.0924091, 40.9618063]}}, {"id": "5922575289", "type": "Feature", "properties": {"street_count": 1}, "geometry": {"type": "Point", "coordinates": [-74.0565967, 40.9257136]}}, {"id": "6076680706", "type": "Feature", "properties": {"street_count": 3}, "geometry": {"type": "Point", "coordinates": [-74.0852789, 40.9320655]}}, {"id": "6086129871", "type": "Feature", "properties": {"street_count": 3}, "geometry": {"type": "Point", "coordinates": [-74.0833043, 40.9324114]}}, {"id": "6086130591", "type": "Feature", "properties": {"street_count": 3}, "geometry": {"type": "Point", "coordinates": [-74.0831087, 40.932282]}}, {"id": "6403205441", "type": "Feature", "properties": {"street_count": 2}, "geometry": {"type": "Point", "coordinates": [-74.0920624, 40.9401029]}}, {"id": "6944911351", "type": "Feature", "properties": {"street_count": 3}, "geometry": {"type": "Point", "coordinates": [-74.0940642, 40.9546583]}}, {"id": "6944911354", "type": "Feature", "properties": {"street_count": 3}, "geometry": {"type": "Point", "coordinates": [-74.0940986, 40.9537772]}}, {"id": "7028566843", "type": "Feature", "properties": {"street_count": 3}, "geometry": {"type": "Point", "coordinates": [-74.0917457, 40.9688561]}}, {"id": "7028566847", "type": "Feature", "properties": {"street_count": 3}, "geometry": {"type": "Point", "coordinates": [-74.0914575, 40.9698904]}}, {"id": "7028566851", "type": "Feature", "properties": {"street_count": 3}, "geometry": {"type": "Point", "coordinates": [-74.091237, 40.97046]}}, {"id": "7028566852", "type": "Feature", "properties": {"street_count": 3}, "geometry": {"type": "Point", "coordinates": [-74.091121, 40.970802]}}, {"id": "7028566853", "type": "Feature", "properties": {"street_count": 3}, "geometry": {"type": "Point", "coordinates": [-74.090866, 40.97154]}}, {"id": "7028566884", "type": "Feature", "properties": {"street_count": 3}, "geometry": {"type": "Point", "coordinates": [-74.090196, 40.964279]}}, {"id": "7028570785", "type": "Feature", "properties": {"street_count": 3}, "geometry": {"type": "Point", "coordinates": [-74.085504, 40.957861]}}, {"id": "7028570787", "type": "Feature", "properties": {"street_count": 3}, "geometry": {"type": "Point", "coordinates": [-74.085232, 40.957703]}}, {"id": "7631107860", "type": "Feature", "properties": {"street_count": 4}, "geometry": {"type": "Point", "coordinates": [-74.0940477, 40.9528008]}}, {"id": "8153560783", "type": "Feature", "properties": {"street_count": 3}, "geometry": {"type": "Point", "coordinates": [-74.0545677, 40.9146147]}}, {"id": "8153560784", "type": "Feature", "properties": {"street_count": 3}, "geometry": {"type": "Point", "coordinates": [-74.0546617, 40.9146016]}}, {"id": "8461593775", "type": "Feature", "properties": {"street_count": 3}, "geometry": {"type": "Point", "coordinates": [-74.0723132, 40.9493351]}}, {"id": "8599560727", "type": "Feature", "properties": {"street_count": 3}, "geometry": {"type": "Point", "coordinates": [-74.0927085, 40.9635826]}}, {"id": "8599560730", "type": "Feature", "properties": {"street_count": 1}, "geometry": {"type": "Point", "coordinates": [-74.0917236, 40.963269]}}, {"id": "9226962084", "type": "Feature", "properties": {"street_count": 3}, "geometry": {"type": "Point", "coordinates": [-74.073567, 40.9174889]}}, {"id": "9398494707", "type": "Feature", "properties": {"street_count": 3}, "geometry": {"type": "Point", "coordinates": [-74.0862927, 40.9799534]}}, {"id": "9518544950", "type": "Feature", "properties": {"street_count": 3}, "geometry": {"type": "Point", "coordinates": [-74.0800436, 40.9546946]}}, {"id": "9518544951", "type": "Feature", "properties": {"street_count": 1}, "geometry": {"type": "Point", "coordinates": [-74.0805972, 40.9540115]}}, {"id": "10175702166", "type": "Feature", "properties": {"street_count": 3}, "geometry": {"type": "Point", "coordinates": [-74.0736073, 40.9509923]}}, {"id": "10232333845", "type": "Feature", "properties": {"street_count": 3}, "geometry": {"type": "Point", "coordinates": [-74.0712134, 40.9256124]}}, {"id": "10278338730", "type": "Feature", "properties": {"street_count": 3}, "geometry": {"type": "Point", "coordinates": [-74.0925299, 40.961824]}}, {"id": "10278338731", "type": "Feature", "properties": {"street_count": 4}, "geometry": {"type": "Point", "coordinates": [-74.0928922, 40.9620208]}}, {"id": "10278338732", "type": "Feature", "properties": {"street_count": 3}, "geometry": {"type": "Point", "coordinates": [-74.0929355, 40.9616369]}}, {"id": "10281677661", "type": "Feature", "properties": {"street_count": 4}, "geometry": {"type": "Point", "coordinates": [-74.0816642, 40.9790128]}}, {"id": "10286286243", "type": "Feature", "properties": {"street_count": 3}, "geometry": {"type": "Point", "coordinates": [-74.062965, 40.9626191]}}, {"id": "10286412933", "type": "Feature", "properties": {"street_count": 3}, "geometry": {"type": "Point", "coordinates": [-74.0630916, 40.9626777]}}, {"id": "10286412935", "type": "Feature", "properties": {"street_count": 3}, "geometry": {"type": "Point", "coordinates": [-74.0647669, 40.9634494]}}, {"id": "10286461347", "type": "Feature", "properties": {"street_count": 3}, "geometry": {"type": "Point", "coordinates": [-74.067377, 40.9648227]}}, {"id": "10286461352", "type": "Feature", "properties": {"street_count": 3}, "geometry": {"type": "Point", "coordinates": [-74.066708, 40.9644303]}}, {"id": "10286899152", "type": "Feature", "properties": {"street_count": 3}, "geometry": {"type": "Point", "coordinates": [-74.0775536, 40.9698198]}}, {"id": "10286899206", "type": "Feature", "properties": {"street_count": 2}, "geometry": {"type": "Point", "coordinates": [-74.0772585, 40.9691035]}}, {"id": "10286899213", "type": "Feature", "properties": {"street_count": 3}, "geometry": {"type": "Point", "coordinates": [-74.0780723, 40.9700355]}}, {"id": "12141870726", "type": "Feature", "properties": {"street_count": 3}, "geometry": {"type": "Point", "coordinates": [-74.0491443, 40.938148]}}, {"id": "12141870727", "type": "Feature", "properties": {"street_count": 3}, "geometry": {"type": "Point", "coordinates": [-74.0499756, 40.9383758]}}, {"id": "12141870730", "type": "Feature", "properties": {"street_count": 3}, "geometry": {"type": "Point", "coordinates": [-74.0488497, 40.9386014]}}, {"id": "12145650161", "type": "Feature", "properties": {"street_count": 1}, "geometry": {"type": "Point", "coordinates": [-74.0500871, 40.9381706]}}, {"id": "12671041653", "type": "Feature", "properties": {"street_count": 3}, "geometry": {"type": "Point", "coordinates": [-74.0776651, 40.9203067]}}, {"id": "12671041656", "type": "Feature", "properties": {"street_count": 3}, "geometry": {"type": "Point", "coordinates": [-74.0778369, 40.9199314]}}, {"id": "12671041657", "type": "Feature", "properties": {"street_count": 3}, "geometry": {"type": "Point", "coordinates": [-74.0780157, 40.9201918]}}, {"id": "12671044925", "type": "Feature", "properties": {"street_count": 3}, "geometry": {"type": "Point", "coordinates": [-74.0763171, 40.9220212]}}, {"id": "12921895025", "type": "Feature", "properties": {"street_count": 3}, "geometry": {"type": "Point", "coordinates": [-74.0533351, 40.9172029]}}, {"id": "12921895032", "type": "Feature", "properties": {"street_count": 3}, "geometry": {"type": "Point", "coordinates": [-74.0532731, 40.9174206]}}, {"id": "12921895038", "type": "Feature", "properties": {"street_count": 3}, "geometry": {"type": "Point", "coordinates": [-74.0532563, 40.9170188]}}, {"id": "13630365089", "type": "Feature", "properties": {"street_count": 3}, "geometry": {"type": "Point", "coordinates": [-74.053334, 40.9173]}}, {"id": "13630365094", "type": "Feature", "properties": {"street_count": 4}, "geometry": {"type": "Point", "coordinates": [-74.0532442, 40.9172817]}}]}